player_id,ngs_time_to_throw,ngs_aggressiveness,ngs_cpoe,ngs_intended_air_yards,ngs_air_yards_to_sticks,ngs_separation,ngs_cushion,ngs_yac_above_expected,ngs_intended_air_yards_rec,ngs_air_yards_share,ngs_ryoe_per_att,ngs_eight_box_rate,ngs_time_to_los,ngs_rush_efficiency
00-0023459,2.882629414335664,17.318061840120663,-2.996973322021118,8.720175036815663,-0.16915058688496143,,,,,,,,,
00-0026498,2.78192922863485,18.199068483698465,1.681606526364207,9.619697619047619,0.7192384353741497,,,,,,,,,
00-0028986,2.413676470588235,14.705882352941178,1.0697058823529448,6.390294117647058,-1.050882352941177,,,,,,,,,
00-0029604,2.930705051393598,13.96360823084961,2.667193031106824,8.73595661846496,-0.02850389321468279,,,,,,,,,
00-0030279,,,,,,2.1411791682639922,5.389222222222223,0.04589360841646517,5.878222222222221,19.16659022155405,,,,
00-0030506,,,,,,3.040710327715273,6.362222222222222,6.036675007083004,5.318545454545456,22.37342834959481,,,,
00-0030565,2.9532186936936937,16.873626675455945,7.673602546143704,7.2147726857292085,-2.107908147277712,,,,,,,,,
00-0031381,,,,,,2.286284256116468,6.080395299145299,0.9284954986376954,15.19955982905983,39.74425920603233,,,,
00-0031408,,,,,,1.6895256733464565,5.6943253968253975,-0.7527682693458281,13.138412698412699,41.9932830083873,,,,
00-0031503,2.7612878013855027,21.403692093347264,-6.264622663415765,8.9984017515052,-1.0804159824849482,,,,,,,,,
00-0031588,,,,,,2.6529604223489667,6.7683551587301585,-0.17204623885008052,9.528511904761906,22.807857781265835,,,,
00-0031610,,,,,,3.2033505205110147,4.9279166666666665,0.04975059107113955,8.611249999999998,16.27330038744185,,,,
00-0032268,2.981002016129032,15.826612903225806,3.197721774193546,9.781729166666667,1.4588125000000005,,,,,,,,,
00-0032464,,,,,,4.48843238099181,9.18899470899471,0.7704086987826783,5.720010582010581,18.615123294321304,,,,
00-0032764,,,,,,,,,,,0.14667420962690192,32.8386287625418,2.8951317675983437,4.397032732113162
00-0032950,2.615767105263158,12.763157894736842,-7.990565789473687,8.25,-0.013157894736841369,,,,,,,,,
00-0032951,,,,,,3.600110496846209,9.385,0.10659212760738423,6.956666666666666,31.78495278708498,,,,
00-0033077,2.7258364734872442,19.444839763862532,6.217344230971961,7.615436234058514,-0.7442411852963244,,,,,,,,,
00-0033090,,,,,,2.919102765317259,3.5772500000000003,0.565561919491294,8.754,17.787021623286947,,,,
00-0033106,2.8319542004048586,18.955592105263158,1.486849274628882,7.93345078641356,-1.0902523738370888,,,,,,,,,
00-0033110,,,,,,2.425759854248927,6.2925,-0.3392274634583998,8.424242424242424,14.515615097514674,,,,
00-0033119,2.60491572223484,22.80925155925156,4.811651433026427,6.412192322542322,-1.9485739382239384,,,,,,,,,
00-0033280,,,,,,,,,,,0.31800415550135813,28.333333333333336,2.473475,3.85610181815201
00-0033288,,,,,,2.630805133269891,4.601365079365079,4.873945587786865,6.867936507936508,19.11071888090986,,,,
00-0033293,,,,,,,,,,,-0.47032932033248875,26.351236146632566,2.7156910885167465,4.028211859780596
00-0033307,,,,,,3.359429055801248,6.9375,0.543616785609693,5.02375,13.855276312614196,,,,
00-0033537,2.8177939393939395,13.787878787878789,-2.220750000000002,6.911645768025077,-2.7628317659352146,,,,,,,,,
00-0033555,,,,,,3.0107292391815013,5.698142857142857,0.694836899148384,13.51222222222222,33.46249417079105,,,,
00-0033662,2.4197673796791443,8.155080213903743,-15.84762032085562,5.467394957983193,-4.577422969187675,,,,,,,,,
00-0033873,2.6773174399133173,9.073089046493301,-1.6835466903073275,7.160552054076321,-1.3493839081751118,,,,,,,,,
00-0033881,,,,,,3.4359537752636653,6.877000000000001,-2.627928123137833,5.951000000000001,21.467107224166924,,,,
00-0033885,,,,,,3.5717880114250256,7.7725,1.4388852502175808,5.064000000000002,8.673906340995515,,,,
00-0033908,,,,,,3.7172211091237477,6.390000000000001,-0.07369358810561977,6.6579999999999995,10.8961770096884,,,,
00-0033921,,,,,,4.22127300221394,6.684285714285714,0.727075898489776,2.3642857142857148,15.150128158183824,,,,
00-0034348,,,,,,2.583965253051945,4.837555555555555,0.7553731177980892,12.55320634920635,44.92659829531723,,,,
00-0034351,,,,,,3.212100558763771,3.1925,3.7838960446655854,10.656,23.83146218186698,,,,
00-0034383,,,,,,4.160063463532929,6.900416666666667,-0.6765744648579499,5.085892857142857,14.833577419789217,,,,
00-0034753,,,,,,3.5817952079831006,5.9520833333333325,-0.3451402234428707,7.277809523809525,18.711742356757174,,,,
00-0034796,3.104014583333333,11.782258064516128,7.0280314516129065,10.227323994252874,1.2774676724137932,,,,,,,,,
00-0034827,,,,,,2.8749930384412354,7.223819444444445,1.46505085599318,16.195625,48.35562326776865,,,,
00-0034829,,,,,,2.3966705357609754,5.2575,0.1311189409300311,11.059714285714286,21.620085022784806,,,,
00-0034844,,,,,,,,,,,1.4377648482020464,16.666666666666668,3.1094285714285714,3.605227005583309
00-0034855,2.9826162464985995,12.39495798319328,1.033298319327739,8.600179573512905,-1.0530190796857464,,,,,,,,,
00-0034857,2.9458016628810566,11.175036494836274,2.1373145537258442,9.525766941391941,1.1120764652014645,,,,,,,,,
00-0034869,3.3144454545454547,24.7979797979798,6.196707070707069,7.259886363636364,-2.0810227272727264,,,,,,,,,
00-0034960,,,,,,3.049267118029771,9.2675,0.5810263959985795,8.904999999999998,39.74781007643809,,,,
00-0035021,,,,,,3.3605174140901766,7.353999999999999,-1.03978827838912,6.661666666666669,30.437100213219626,,,,
00-0035228,2.9452926374650517,7.875116495806151,1.56684529356943,7.4955878787878785,-2.570472727272728,,,,,,,,,
00-0035229,,,,,,3.1681370330629273,4.2435,-0.25546818161039697,5.337461538461538,29.491683496303757,,,,
00-0035261,,,,,,,,,,,0.09435715327740257,19.100140056022408,2.9512916666666666,3.899662162162162
00-0035640,,,,,,2.253565240284235,3.9382222222222225,0.9017989191352624,13.621138888888888,35.01000696342959,,,,
00-0035644,,,,,,2.99712180010766,5.408571428571428,0.14556088090283126,5.44875,9.486191813018214,,,,
00-0035659,,,,,,2.3752480100782334,5.0505555555555555,2.4676719912341882,14.783333333333333,43.76961570016972,,,,
00-0035685,,,,,,,,,,,-0.1776267202822869,29.848484848484844,2.9603306220095695,5.19425
00-0035704,2.769608391608392,16.433566433566433,8.520594405594405,7.55472027972028,-1.3910839160839152,,,,,,,,,
00-0035710,2.7331346721484295,13.88493569470799,-0.772328694918825,5.989113711001642,-2.7212311165845646,,,,,,,,,
00-0035719,,,,,,4.554716567338263,8.034,0.09834439830910213,2.9292857142857143,9.733795485023439,,,,
00-0036040,,,,,,3.0132053997304133,6.422380952380952,-0.1638624241925298,7.260833333333333,12.364463392014974,,,,
00-0036158,,,,,,,,,,,-0.7674034201807446,11.96078431372549,2.951183080808081,4.386266250944822
00-0036223,,,,,,,,,,,-0.28270752585609793,17.36460717009916,2.7061681818181818,4.2132402553698824
00-0036252,,,,,,2.3400051463628686,6.21,1.2414600291093123,7.409999999999998,10.68000345911043,,,,
00-0036264,2.457628790624903,13.46531585959042,-6.42403483130402,8.617482209263017,-0.5108519692359701,,,,,,,,,
00-0036275,,,,,,,,,,,-0.12457316890167275,16.180555555555557,2.6718472222222225,4.103777270159084
00-0036322,,,,,,2.9735774372565826,4.260555555555555,1.3479517040452405,12.622222222222224,53.589671684948186,,,,
00-0036355,2.791436063672781,14.190210134232904,-3.486686169091285,9.071013727013726,-0.2798021238021241,,,,,,,,,
00-0036358,,,,,,3.084160581813461,6.056175595238095,0.6799995896176173,11.498506944444445,45.05149335354088,,,,
00-0036389,3.1828094994994993,8.804804804804805,-3.349069069069066,8.571731872294372,-0.7315798160173159,,,,,,,,,
00-0036410,,,,,,2.4175175701602543,5.676404761904761,1.6911875476639673,13.872327380952381,46.178860515626894,,,,
00-0036442,2.559867172472011,12.397189816544655,3.6625033754953105,7.117150779140101,-1.7392325186971371,,,,,,,,,
00-0036550,,,,,,3.445414618871828,8.167777777777777,-0.2559196795255255,13.057777777777776,39.68527335967311,,,,
00-0036554,,,,,,1.9055018625306754,5.006375,-0.11827306833493356,13.850875000000002,37.64055345884842,,,,
00-0036555,,,,,,,,,,,1.2337730285474424,24.714912280701753,2.642064546783626,3.5003548189888463
00-0036613,,,,,,4.2226101165480365,7.909756613756613,-0.8085812650186526,10.319587301587303,36.147748631942456,,,,
00-0036626,,,,,,3.6584953620513994,6.3566666666666665,-0.4389190529958018,8.963333333333333,14.133662715828757,,,,
00-0036875,,,,,,,,,,,-0.6625452227743414,31.41025641025641,2.842159090909091,4.388827701293284
00-0036894,,,,,,2.949105703127882,6.302499999999999,0.6224502665066184,7.112000000000002,14.020015817488973,,,,
00-0036900,,,,,,2.8273744240000083,7.229305555555555,0.7527860665410113,9.14013888888889,43.973760625984596,,,,
00-0036912,,,,,,2.7024968242702894,5.470909645909646,0.5043091298998429,12.090128205128204,44.45499168876599,,,,
00-0036963,,,,,,2.821342700464205,6.934166666666666,-0.6044311694155938,8.294264173326674,30.57172047294968,,,,
00-0036971,2.742939735489398,13.418290854572714,7.232113943028481,9.11687408279987,-0.5745401307282874,,,,,,,,,
00-0036973,,,,,,,,,,,0.09265836560719756,7.6923076923076925,2.5734999999999997,3.2621052631578946
00-0036997,,,,,,,,,,,0.0024534723276303794,15.460526315789473,2.8600290775401067,4.258390906244481
00-0037005,,,,,,1.6281116153631139,4.455,1.4151138473833456,4.7360000000000015,7.096406844676198,,,,
00-0037228,,,,,,,,,,,1.3165115915774692,22.205882352941174,2.8068125,3.579065471498823
00-0037238,,,,,,3.5602690382988462,7.172666666666666,1.6641187838388505,8.080333333333334,40.886637591268965,,,,
00-0037239,,,,,,2.9017302888080554,5.723275641025641,-0.4078777598345309,12.930945512820514,45.77899786089236,,,,
00-0037240,,,,,,2.590561354217681,9.514375000000001,0.21737748944954527,15.360208333333333,39.79704813354073,,,,
00-0037247,,,,,,2.4349399244651395,4.769255050505051,-0.2844062316386562,11.18699494949495,32.505199317404944,,,,
00-0037248,,,,,,,,,,,1.5545322060672437,26.476648351648354,2.617029356060606,3.159422515885674
00-0037252,,,,,,2.1739231118889886,6.114,-1.1667663947118925,9.002857142857142,15.27831652443755,,,,
00-0037261,,,,,,4.379544459075344,6.913888888888889,-0.3334138295257212,6.564027777777777,16.108418737196285,,,,
00-0037263,,,,,,,,,,,-0.41522541852810946,29.411764705882355,2.6670625,3.8372131147540984
00-0037291,,,,,,2.6706051226128875,5.7780000000000005,-0.5434839090897214,12.452000000000002,28.06906812136513,,,,
00-0037525,,,,,,,,,,,0.1851094253864962,20.0,3.0242857142857145,4.596271186440678
00-0037545,,,,,,3.570025370727856,9.83,0.48568507923247495,10.97,27.733535583364937,,,,
00-0037614,,,,,,2.7250907372194204,4.942,0.3952776574925987,8.601,11.9089284159467,,,,
00-0037664,,,,,,2.0962541378735082,5.836666666666667,1.000817699210728,16.916666666666668,53.27524669326055,,,,
00-0037740,,,,,,2.3784659721840575,4.114945054945054,-0.8422738327419976,10.483223443223443,39.529616572009346,,,,
00-0037744,,,,,,2.6048253211819037,5.359,-0.2152220688772697,5.964371503496503,31.09226409077053,,,,
00-0037746,,,,,,,,,,,0.1380017040096934,22.554112554112553,2.6663784965034965,3.651893991144845
00-0037805,,,,,,4.863851744535872,9.933333333333334,0.13837738992973136,3.246000000000001,5.221335735426587,,,,
00-0037816,,,,,,2.8182918905137386,4.827777777777778,-0.4955024203646335,14.682222222222224,35.38832351365828,,,,
00-0037834,2.981917437560186,14.133986928104575,4.854886710239656,7.955795793118309,-0.3990855493390992,,,,,,,,,
00-0037838,,,,,,2.719465027622955,5.016597222222222,-0.2279317760116627,6.448729166666666,22.7118436212804,,,,
00-0037840,,,,,,,,,,,1.034219322186192,27.46212121212121,2.8778464826839825,3.24364307665971
00-0038041,,,,,,4.108533743660651,3.24,-1.0178108361250202,1.9539999999999993,3.317712578103775,,,,
00-0038090,,,,,,4.3456421597655766,7.944,2.5466043194259855,3.784285714285715,6.149167807980688,,,,
00-0038104,,,,,,2.511082368615932,4.7924999999999995,5.62910023233865,16.17625,42.38781526367507,,,,
00-0038117,,,,,,2.866278801664103,6.414242424242424,0.727530208280231,5.543363636363637,19.769980014825972,,,,
00-0038120,,,,,,,,,,,-0.12473543554362931,31.774475524475523,2.973433333333334,6.665634860265946
00-0038124,,,,,,2.304154348566601,6.842916666666667,3.1929078514882376,11.268856060606062,31.12262638878798,,,,
00-0038128,3.0856553767642323,19.085677749360613,-5.28321972387989,9.640458226768967,-0.294644075021313,,,,,,,,,
00-0038129,,,,,,3.9329474855617557,6.1125,0.13618439006614924,5.946999999999999,15.404237381248635,,,,
00-0038134,,,,,,,,,,,2.4111289679198626,25.885210803689063,2.7312670038295037,3.3242988625082286
00-0038393,,,,,,2.967449728287768,6.246888888888889,0.5235624558453528,11.081333333333333,26.714731444100874,,,,
00-0038416,2.8443235294117644,20.588235294117645,9.1279411764706,5.820967741935484,-1.6951612903225801,,,,,,,,,
00-0038454,,,,,,,,,,,-0.715618247943901,0.0,3.203777777777778,6.770256410256411
00-0038542,,,,,,,,,,,1.2793262630738664,15.774754774868205,2.7492400050607286,3.3469618195497954
00-0038543,,,,,,2.519794534562598,6.073560606060607,0.6264101538562334,10.534989177489178,52.185692113303354,,,,
00-0038544,,,,,,2.9407211875170156,5.876888888888889,-1.3254515289068671,10.561555555555556,21.91798030628991,,,,
00-0038555,,,,,,,,,,,-0.6698582756974536,26.64835164835165,2.9188881118881116,5.221878787878788
00-0038558,,,,,,2.634811602624071,6.883333333333333,0.5986772684021231,9.372,12.220309810671255,,,,
00-0038559,,,,,,3.0147934701145642,5.499788299935359,-0.2338182119619047,9.624612152553329,44.155474143715246,,,,
00-0038563,,,,,,2.0300494206585644,5.912142857142857,-0.43384955091703115,17.486250000000002,39.2908867803688,,,,
00-0038597,,,,,,,,,,,-0.20907516438796436,30.0,2.6356559829059827,3.9243404566744733
00-0038606,,,,,,2.2379999868444003,6.32830303030303,-1.4973697356318763,14.01172222222222,42.27811555453343,,,,
00-0038608,,,,,,2.175410173265383,3.8633333333333333,-1.961618291476718,14.198000000000002,15.10907736511653,,,,
00-0038618,,,,,,2.383952109957017,5.107333333333333,0.15465123427584837,13.733666666666664,25.66684763626651,,,,
00-0038621,,,,,,3.755186325213862,8.063749999999999,1.5431649275247898,15.026285714285715,26.554588510284862,,,,
00-0038728,,,,,,3.215930759150239,6.424285714285714,7.516714451634854,14.398571428571428,21.451527083111632,,,,
00-0038797,,,,,,,,,,,0.09016543166911775,28.57142857142857,2.6276611111111112,3.8040177133655395
00-0038839,,,,,,1.5390322902702063,4.731428571428571,0.45839691091299395,15.038571428571428,22.51812873002631,,,,
00-0038840,,,,,,2.5394272923372303,3.1816666666666666,1.45837263487706,18.156666666666666,25.143094534711963,,,,
00-0038933,,,,,,3.0414155388528665,6.430714285714286,2.6335567733714274,12.696458333333332,30.929550187477478,,,,
00-0038935,,,,,,3.7529893920570387,7.598000000000001,2.2651575913133724,6.8740000000000006,25.858307271867215,,,,
00-0038994,,,,,,2.846764505872599,6.1497222222222225,1.6988860284822656,12.458962962962962,44.013292688701235,,,,
00-0038996,,,,,,3.3111142783243346,3.7893333333333334,1.220237100379901,5.821765873015874,9.593992702951663,,,,
00-0038997,,,,,,2.314455180012769,5.32,2.020482139565279,11.257929292929294,52.42768159594998,,,,
00-0039040,,,,,,,,,,,-0.42028964012653436,14.545454545454547,2.5817058823529413,4.194752252252252
00-0039064,,,,,,2.838087786666708,4.811333333333333,4.379038857115286,9.815222222222223,31.214834679080383,,,,
00-0039065,,,,,,3.8301127614291395,5.282,0.03686834743978773,5.658589743589744,14.932646404664562,,,,
00-0039066,,,,,,3.4826443683304706,5.584791666666666,-0.9572028785220541,5.3792857142857144,14.28784432284049,,,,
00-0039067,,,,,,4.250455398451668,6.170625,1.6753124734839102,7.4875,30.801019502941138,,,,
00-0039075,,,,,,1.6608451928141315,5.875909090909091,3.438550965381155,11.476666666666667,37.78151740247645,,,,
00-0039139,,,,,,,,,,,-0.18088773092300625,15.172413793103448,2.9605135836385834,4.6250141675956895
00-0039146,,,,,,3.8818549745854485,8.503333333333332,0.5025227494715001,6.175714285714286,9.775898328848283,,,,
00-0039150,2.930125443846805,14.225124514758662,5.634846038874237,9.669776603604728,0.49377552135364655,,,,,,,,,
00-0039163,3.0352808404704743,21.480709757449993,6.901734366871887,10.660876126126126,1.6051403903903902,,,,,,,,,
00-0039337,,,,,,3.1566521442133997,6.94579365079365,-0.6540467512556543,9.53452380952381,26.819121514851286,,,,
00-0039338,,,,,,2.0074091699845207,5.905769230769231,0.44384740092874453,10.693181818181818,38.45558839079278,,,,
00-0039361,,,,,,,,,,,-0.37588442676704287,13.055555555555557,2.856574007936508,3.9601755067391706
00-0039410,,,,,,3.69637262583891,7.034690476190477,-0.46578847439659593,5.531111111111109,14.103844814107875,,,,
00-0039424,,,,,,2.0498248831861177,5.505952380952381,-0.1740486302733984,11.263928571428572,26.815450604767157,,,,
00-0039451,,,,,,2.98716205986916,6.451666666666667,-0.41748230958724886,0.08499999999999967,0.19306480920654073,,,,
00-0039491,,,,,,2.7906035069811193,6.352569444444445,-0.3458355948089664,9.807777777777778,26.523013650468837,,,,
00-0039732,2.9420449929971992,10.840223186048613,-5.022034426673899,6.2933316149414456,-2.7288912035681836,,,,,,,,,
00-0039738,,,,,,,,,,,1.142164426708456,21.666666666666664,2.5821666666666667,3.2070768870135957
00-0039739,,,,,,2.626806191551425,6.01325,-0.05823790326341177,14.634583333333335,25.730975383739377,,,,
00-0039793,,,,,,2.80159542275178,3.781428571428571,4.039677527401075,1.6933333333333327,4.988216810683423,,,,
00-0039794,,,,,,,,,,,0.18614770159024732,12.142857142857142,2.605709401709402,3.745218220338983
00-0039811,,,,,,,,,,,-0.8751439915038344,7.6923076923076925,2.9006,5.472972972972973
00-0039849,,,,,,1.4038545980181667,7.872,0.44736783236332656,15.687999999999999,24.0997910777928,,,,
00-0039851,3.058133185913186,12.841932841932842,1.1767097870597876,9.700917978750638,0.657299187147977,,,,,,,,,
00-0039880,,,,,,3.7015423477912694,6.025446428571428,0.802283191175433,9.549125,26.37626581555383,,,,
00-0039890,,,,,,2.6973512910132023,8.668181818181818,-0.0938835566193772,14.873333333333335,67.56511205330104,,,,
00-0039893,,,,,,2.376187982782893,6.8025,-2.093700754831644,14.1,40.537950421671354,,,,
00-0039894,,,,,,3.456673533416403,6.092809523809524,-0.7972224409080674,9.8315873015873,30.752400956990385,,,,
00-0039901,,,,,,3.3898260290295408,4.548095238095238,-0.48070661362909317,9.969880952380953,27.985569761209604,,,,
00-0039910,3.1606323529411764,16.176470588235297,-1.7786764705882308,9.626346982758621,0.8181573275862073,,,,,,,,,
00-0039915,,,,,,3.127552839994146,7.549285714285714,0.5644986316784635,14.56642857142857,30.546324956900452,,,,
00-0039917,2.421125,2.0,2.9007499999999964,6.784228260869565,-2.237510869565217,,,,,,,,,
00-0039918,3.4320331564986732,14.588859416445622,2.835583554376658,7.1694314381270905,-2.9902675585284273,,,,,,,,,
00-0039919,,,,,,2.7632043868330065,5.919166666666667,0.1036405930589952,13.17345238095238,42.352068846768944,,,,
00-0040024,,,,,,2.149630505843868,4.564285714285714,0.23089457221781606,14.952857142857143,50.55300652016421,,,,
00-0040122,,,,,,,,,,,-0.11184368629696208,30.161817587446876,2.999480121920563,4.791710570003864
00-0040124,,,,,,2.7379533516467585,4.882291666666667,-0.21103772961098488,12.13578125,34.14071403116479,,,,
00-0040126,,,,,,2.6858389442082222,5.886666666666667,0.25547923185019794,6.413333333333335,31.986699916874485,,,,
00-0040128,,,,,,3.7301526961637856,7.159651785714286,-0.2285807136014057,2.423464285714285,7.748909879069032,,,,
00-0040129,,,,,,3.164338209088214,7.234083333333333,0.5978600411597433,13.516777777777778,36.206229475853824,,,,
00-0040134,,,,,,3.7896693709513936,7.313333333333333,-0.45224259003871126,3.8583333333333365,19.782943086651862,,,,
00-0040138,,,,,,2.923274705509274,7.790000000000001,0.584961213409156,8.599999999999998,9.151856975630519,,,,
00-0040189,,,,,,3.7736355733384106,4.052857142857143,-0.8772649937110368,5.635,19.373415273539905,,,,
00-0040198,,,,,,,,,,,-1.030025544007715,11.76470588235294,2.6326666666666667,5.748292682926829
00-0040236,,,,,,,,,,,1.4125720611621428,22.5,2.5408165948275863,3.3466225912223466
00-0040242,,,,,,,,,,,-1.2186645123690354,2.0833333333333335,2.8374564393939394,4.724254952627046
00-0040584,,,,,,4.494140979579547,7.925,-0.4121073587125448,4.693999999999998,14.627609847304454,,,,
00-0040590,,,,,,2.687009326925866,8.18875,2.5355539483433684,16.8,26.98903570424515,,,,
00-0040663,,,,,,6.073942126233486,4.610944444444445,1.23274221552931,6.004888888888888,25.941016110078156,,,,
00-0040666,,,,,,,,,,,-0.47713658392730246,18.23671497584541,2.593317171717172,4.090164493060955
00-0040667,,,,,,2.715986967769843,5.806011904761904,1.3492993797780781,14.153005952380951,40.27788288841576,,,,
00-0040669,,,,,,3.694354190856855,8.881875,-1.7099922054327488,16.301375,24.45573744949693,,,,
00-0040676,2.963134375,7.31518817204301,-1.4618740479390713,6.498757352941176,-2.898511554621849,,,,,,,,,
00-0040691,2.6393793103448275,17.24137931034483,10.925172413793105,8.556896551724138,-0.27068965517241256,,,,,,,,,
00-0040715,,,,,,,,,,,-0.5910343770118512,23.888888888888886,2.769015012254902,4.6533125798212005
00-0040719,,,,,,,,,,,0.6600368887943464,20.060331825037707,3.044125595238095,4.5548154995689245
00-0040727,,,,,,2.8375911819403807,6.652,-0.03138133441660895,11.299682539682541,25.021681492067064,,,,
00-0040734,,,,,,,,,,,0.4586344977975249,20.089285714285715,2.961644230769231,4.2582988721804504
00-0040735,,,,,,2.44807513535659,7.456613636363636,0.6004957333263388,8.365693722943721,29.97605836081935,,,,
00-0040737,,,,,,3.0993200663404936,8.024285714285714,1.4494628804133058,6.54111111111111,18.455123985077897,,,,
00-0040743,2.732966877546473,17.349439775910362,3.8881954656862727,8.006130830605565,-1.0179869067103107,,,,,,,,,
00-0040784,,,,,,,,,,,-0.6419490192282791,25.490196078431374,2.6364297961229948,5.325574716164339
00-0040785,,,,,,4.338320765254368,6.511428571428571,1.1111034655536185,5.308222222222221,10.242335623489842,,,,
00-0040867,,,,,,2.738813927944896,8.23,-1.56349852973063,6.34,18.372373822748127,,,,
00-0041027,,,,,,,,,,,0.20227923177615995,24.603174603174605,3.0294118104118106,4.1801703445605884
00-0041032,,,,,,4.7037907867408695,6.244,0.02311506649412287,9.122499999999999,23.478316818942215,,,,
00-0041037,,,,,,1.9903859798152816,4.920714285714286,4.4888561023552525,15.240714285714287,61.83575957546739,,,,
00-0041040,,,,,,2.2057982212816016,7.678,-0.8351176233473319,13.026249999999997,23.834682768400345,,,,
00-0041042,,,,,,1.6149035379632857,4.105,-1.6627632124840623,19.936666666666667,37.82809436468281,,,,
00-0041048,,,,,,1.883732269468762,4.257142857142857,-1.9072377604722703,21.84,36.94984894259819,,,,
00-0041052,,,,,,,,,,,-0.37957431242767725,0.0,2.6847857142857143,3.7310769230769227
00-0041067,,,,,,1.6499240300689109,4.0920000000000005,-0.973229134502887,20.618000000000002,21.495444025104778,,,,
00-0041117,3.0364545454545455,33.33333333333333,-7.374848484848489,12.8825,3.6324999999999994,,,,,,,,,
00-0041194,2.5409333333333333,13.333333333333334,-18.318,2.405714285714286,-6.237142857142857,,,,,,,,,
00-0041251,2.8215185185185185,11.11111111111111,3.937037037037039,4.201538461538461,-3.952307692307693,,,,,,,,,
00-0041438,,,,,,2.9250521111350265,6.1546666666666665,-0.5426347388217891,10.569138888888888,48.6342899904403,,,,
00-0041489,,,,,,2.0045938937849304,4.9887500000000005,0.3331113397116994,7.953750000000001,36.30398813259543,,,,
00-0041496,,,,,,,,,,,0.06251183166645262,20.0,3.015888888888889,4.0025641025641026
00-0041512,,,,,,,,,,,0.0614727187439032,35.38461538461539,3.3180944444444442,4.6125
00-0041523,,,,,,5.284863384749847,4.527142857142858,0.7889877173461146,16.678571428571427,35.88774130087299,,,,
00-0041525,,,,,,2.1256240227234584,3.69375,4.5257757832461785,17.57875,34.09377424359969,,,,
00-0041547,,,,,,3.4055335680371472,7.483937500000001,-0.5353264598130186,6.655215277777777,21.289015250428555,,,,
