pfr_id,rush_ybc_att,rush_yac_att,rush_broken_tackles,rush_att_per_broken,pfr_rush_att,rec_ybc_per_rec,rec_yac_per_rec,pfr_adot,rec_broken_tackles,rec_drop_pct,pfr_targets,player_id
AbduAm00,2.0,2.3,1.0,14.0,14.0,-0.4,6.6,-0.2,3.0,0.0,17.0,00-0032104
AchaDe00,2.7,3.0,22.0,10.8,238.0,-1.0,8.2,0.4,9.0,0.059000000000000004,85.0,00-0039040
AdamDa01,,,,,,11.2,2.0,12.6,0.0,0.044000000000000004,114.0,00-0031381
AddiJo00,32.5,8.0,1.0,2.0,2.0,11.2,3.3,13.7,1.0,0.076,79.0,00-0038994
AdkiNa00,,,,,,3.7,4.3,3.2,0.0,0.273,11.0,00-0038783
AkerCa00,2.4,1.4,0.0,,5.0,,,-6.0,0.0,1.0,1.0,00-0036414
AlieMo00,,,,,,3.1,5.9,4.7,1.0,0.05,20.0,00-0033217
AlixRa00,2.9,0.6,0.0,,7.0,-1.7,9.2,-0.1,1.0,0.091,11.0,00-0039796
AlleBr05,2.4,1.8,0.0,,18.0,4.0,4.5,2.7,1.0,0.33299999999999996,3.0,00-0039794
AlleDa02,,,,,,3.0,5.7,3.9,2.0,0.091,33.0,00-0039074
AlleJo02,3.2,2.0,7.0,16.0,112.0,,,,,,,00-0034857
AlleKe00,,,,,,6.7,2.9,8.4,3.0,0.049,122.0,00-0030279
AlleKy00,-1.0,0.0,0.0,,3.0,,,,,,,00-0034577
AlleLe01,2.6,1.5,2.0,11.5,23.0,-0.7,6.1,-1.4,0.0,0.0,11.0,00-0040238
AllgTy00,2.0,1.6,9.0,15.9,143.0,-1.7,8.6,-1.8,1.0,0.063,16.0,00-0037263
AndeRo04,,,,,,9.6,1.0,14.6,0.0,0.0,9.0,00-0032688
AndrMa00,4.3,0.5,0.0,,10.0,6.7,2.1,7.4,1.0,0.043,70.0,00-0034753
ArroEl00,,,,,,6.7,5.2,8.5,0.0,0.038,26.0,00-0040739
AtweTu00,,,,,,20.8,11.2,15.3,0.0,0.0,15.0,00-0036849
AubrBr00,6.0,0.0,0.0,,1.0,,,,,,,00-0037692
AustCa00,,,,,,7.9,4.1,11.0,2.0,0.036000000000000004,55.0,00-0037837
AustKe00,,,,,,6.5,4.3,8.3,0.0,0.174,23.0,00-0037231
AyomEl00,,,,,,9.8,2.8,12.2,0.0,0.055999999999999994,89.0,00-0040170
BaccAn00,,,,,,0.5,3.5,1.8,0.0,0.25,4.0,00-0035876
BachAl00,,,,,,5.0,1.0,4.7,0.0,0.0,3.0,00-0035602
BadiTy00,1.0,1.9,0.0,,8.0,-3.6,11.1,-1.0,0.0,0.129,31.0,00-0037085
BageTy00,3.5,0.0,0.0,,2.0,,,,,,,00-0038416
BandMi00,,,,,,6.0,6.5,6.0,0.0,0.0,4.0,00-0036959
BarkSa00,2.5,1.6,18.0,15.6,280.0,-0.6,8.0,0.6,2.0,0.04,50.0,00-0034844
BarnAJ00,0.8,0.6,0.0,,10.0,4.8,5.2,4.5,3.0,0.028999999999999998,68.0,00-0039793
BateBr00,,,,,,9.5,2.5,7.8,0.0,0.0,5.0,00-0039458
BateBr00,,,,,,11.5,0.0,11.5,0.0,0.0,2.0,00-0039458
BateBr00,,,,,,7.5,5.0,5.3,0.0,0.0,3.0,00-0039458
BateJo00,,,,,,3.2,6.2,3.0,0.0,0.063,16.0,00-0036628
BateRa00,,,,,,9.7,2.1,12.3,0.0,0.079,38.0,00-0036550
BechJa00,,,,,,7.8,3.4,8.8,1.0,0.034,29.0,00-0040729
BeckAn01,5.0,0.0,0.0,,1.0,4.2,3.3,4.2,0.0,0.111,9.0,00-0034959
BellDa00,,,,,,8.1,6.9,9.4,0.0,0.038,26.0,00-0038115
BellRo01,,,,,,11.0,0.5,19.3,0.0,0.0,4.0,00-0038647
BensTr01,3.0,2.5,2.0,14.5,29.0,-0.7,5.6,-1.4,1.0,0.0,16.0,00-0039921
BentUl00,0.0,0.0,0.0,,1.0,,,,,,,00-0040476
BerrBr00,,,,,,3.2,3.0,3.0,0.0,0.0,8.0,00-0034419
BigsTa00,3.0,2.7,10.0,6.3,63.0,-2.3,13.0,-1.5,1.0,0.0,4.0,00-0038555
BigsTa00,1.2,1.2,0.0,,5.0,-2.3,13.0,-1.5,1.0,0.0,4.0,00-0038555
BigsTa00,3.1,2.8,10.0,5.8,58.0,-2.3,13.0,-1.5,1.0,0.0,4.0,00-0038555
BlueJa01,2.2,1.2,2.0,19.0,38.0,-5.0,10.0,-5.0,0.0,0.0,1.0,00-0040586
BoboJa00,,,,,,7.0,3.0,7.0,0.0,0.0,2.0,00-0038752
BondIs00,3.2,2.6,0.0,,5.0,14.4,4.4,17.0,1.0,0.068,44.0,00-0040782
BourKe00,,,,,,10.4,4.5,11.0,1.0,0.113,53.0,00-0033307
BoutKa00,,,,,,15.5,1.2,17.0,1.0,0.022000000000000002,46.0,00-0038608
BoweBr01,-0.5,1.5,0.0,,2.0,5.9,4.8,6.5,3.0,0.047,86.0,00-0039338
BridTe00,1.3,0.0,0.0,,3.0,,,,,,,00-0031237
BrisJa00,3.0,1.4,2.0,19.0,38.0,,,,,,,00-0033119
BrooBr01,1.3,3.3,2.0,8.5,17.0,,,,,,,00-0039603
BrooCh00,2.1,1.9,1.0,27.0,27.0,-1.2,8.2,0.4,1.0,0.11800000000000001,17.0,00-0038685
BrooJa03,,,,,,10.7,6.3,11.2,0.0,0.16699999999999998,6.0,00-0038640
BrooTa00,1.6,1.3,1.0,16.0,16.0,-2.0,11.0,-2.5,0.0,0.0,2.0,00-0040208
BrosMa00,1.6,0.0,0.0,,7.0,,,,,,,00-0040494
BrowAJ00,,,,,,9.4,3.4,11.8,7.0,0.008,121.0,00-0035676
BrowBr06,2.8,4.6,2.0,2.5,5.0,,,4.0,0.0,0.0,1.0,00-0037329
BrowCh10,2.3,2.1,16.0,14.5,232.0,-0.2,6.5,0.5,8.0,0.057,88.0,00-0038597
BrowDy00,3.0,2.0,0.0,,6.0,9.8,1.6,14.0,0.0,0.135,37.0,00-0036626
BrowJa07,,,,,,,,9.0,0.0,0.0,1.0,00-0038492
BrowJa08,3.0,1.3,1.0,9.0,9.0,,,,,,,00-0035100
BrowMa04,,,,,,8.1,3.9,11.3,3.0,0.040999999999999995,74.0,00-0035662
BrowNo00,,,,,,14.4,2.2,11.3,0.0,0.0,10.0,00-0033591
BrowPh01,,,,,,0.5,0.0,0.5,0.0,0.0,2.0,00-0033439
BryaHa00,,,,,,3.5,0.0,9.7,0.0,0.16699999999999998,6.0,00-0036232
BryaPa00,,,,,,7.5,4.7,8.3,2.0,0.061,49.0,00-0040134
BuecSh00,4.0,0.0,0.0,,1.0,,,,,,,00-0036679
BurdLu00,4.5,1.7,1.0,6.0,6.0,6.8,7.1,7.7,1.0,0.067,60.0,00-0040735
BurkTr00,,,,,,9.6,3.4,13.5,1.0,0.0,22.0,00-0037742
BurrJo01,2.9,0.1,0.0,,14.0,,,,,,,00-0036442
CalcGr00,,,,,,5.0,3.4,6.5,0.0,0.0,13.0,00-0037086
CannSa00,,,,,,3.0,2.5,11.0,0.0,0.0,5.0,00-0037015
CartMi03,2.3,1.3,3.0,30.7,92.0,0.3,7.8,1.7,7.0,0.044000000000000004,45.0,00-0036924
ChanTy01,0.9,1.8,1.0,17.0,17.0,-5.3,9.0,-5.0,0.0,0.0,4.0,00-0037276
CharZa00,2.1,1.8,14.0,13.1,184.0,1.1,6.2,1.7,1.0,0.042,24.0,00-0039165
ChasJa00,3.3,1.3,0.0,,3.0,6.2,5.1,8.5,6.0,0.022000000000000002,185.0,00-0036900
ChesJu00,2.5,1.1,0.0,,11.0,,,11.0,0.0,0.0,2.0,00-0037594
ChisEf00,,,,,,11.7,13.3,11.7,0.0,0.0,3.0,00-0040563
ChubNi00,2.1,2.1,5.0,24.4,122.0,0.3,4.8,0.7,1.0,0.1,20.0,00-0034791
CokeJa01,,,,,,8.8,3.1,10.0,1.0,0.0,43.0,00-0039491
ColeKe02,,,,,,8.3,2.3,11.1,1.0,0.051,59.0,00-0039901
CollBe00,,,,,,9.5,3.0,12.2,0.0,0.0,6.0,00-0040432
CollNi00,4.0,3.5,0.0,,2.0,11.2,4.6,12.7,4.0,0.008,120.0,00-0036554
ConkTy00,2.0,0.0,0.0,,1.0,6.3,8.1,4.5,1.0,0.2,10.0,00-0034270
ConnJa00,1.2,1.8,3.0,10.7,32.0,-3.8,8.5,-1.0,3.0,0.0,9.0,00-0033553
ConnTa00,,,,,,5.8,4.3,6.5,0.0,0.067,15.0,00-0037348
CookBr00,,,,,,9.8,1.8,14.3,0.0,0.083,36.0,00-0031236
CookBr00,,,,,,6.7,1.9,9.2,0.0,0.04,25.0,00-0031236
CookBr00,,,,,,21.6,1.2,25.9,0.0,0.182,11.0,00-0031236
CookBr03,2.9,0.8,0.0,,13.0,,,,,,,00-0040398
CookJa01,3.0,2.2,21.0,14.7,309.0,0.6,8.2,1.3,3.0,0.075,40.0,00-0037248
CoopDa01,,,,,,7.8,2.4,9.9,0.0,0.0,11.0,00-0040024
CorlMa00,2.8,7.0,2.0,6.5,13.0,1.0,6.2,-0.5,0.0,0.0,14.0,00-0039920
CoruBl00,3.5,1.6,12.0,12.1,145.0,-0.1,4.6,2.1,0.0,0.214,14.0,00-0039738
CousKi00,0.2,0.3,0.0,,14.0,,,,,,,00-0029604
CoveBr00,,,,,,0.0,10.0,2.0,0.0,0.25,4.0,00-0037132
CrosJa00,2.5,2.1,13.0,13.5,175.0,-1.0,8.6,-1.5,0.0,0.0,13.0,00-0040242
CulpDe00,,,,,,6.0,0.0,6.0,0.0,0.0,1.0,00-0039754
CunnMa00,0.0,1.0,0.0,,1.0,,,,,,,00-0038911
DabnDr00,,,,,,3.0,0.0,5.0,0.0,0.0,2.0,00-0040628
DallDe00,6.0,1.0,0.0,,3.0,,,-1.0,0.0,1.0,1.0,00-0036425
DallDe00,0.0,0.0,0.0,,1.0,,,-1.0,0.0,1.0,1.0,00-0036425
DallDe00,9.0,1.5,0.0,,2.0,,,-1.0,0.0,1.0,1.0,00-0036425
DaltAn00,-0.4,0.0,0.0,,5.0,,,,,,,00-0027973
DaniJa02,2.9,1.9,4.0,14.5,58.0,,,,,,,00-0039910
DarnSa00,2.5,0.2,0.0,,35.0,,,,,,,00-0034869
DartJa00,4.9,0.8,0.0,,86.0,,,,,,,00-0040691
DaviDe02,0.5,2.0,0.0,,2.0,1.0,4.0,11.0,0.0,0.0,3.0,00-0038573
DaviGa01,,,,,,8.3,2.5,8.8,0.0,0.0,18.0,00-0036196
DaviIs00,3.0,2.5,2.0,21.5,43.0,-0.1,9.0,1.1,1.0,0.036000000000000004,28.0,00-0039798
DaviMa02,2.9,1.9,0.0,,52.0,5.0,3.0,3.6,0.0,0.2,5.0,00-0037563
DaviRa04,2.5,2.2,3.0,19.3,58.0,-1.3,9.9,0.0,0.0,0.154,13.0,00-0039875
DeguJo00,,,,,,5.3,1.7,4.6,0.0,0.0,5.0,00-0036332
DemeEm00,4.4,2.7,4.0,11.0,44.0,1.3,6.5,0.6,2.0,0.05,20.0,00-0038705
DiggSt00,,,,,,7.8,4.2,8.5,2.0,0.028999999999999998,102.0,00-0031588
DikeCh00,0.5,1.2,1.0,11.0,11.0,4.2,4.6,7.9,0.0,0.027000000000000003,74.0,00-0040705
DillAJ00,2.3,2.7,2.0,6.0,12.0,4.0,3.0,4.0,0.0,0.0,3.0,00-0036265
DissWi00,,,,,,2.8,6.0,4.5,0.0,0.063,16.0,00-0034159
DobbJK00,2.6,2.4,9.0,17.0,153.0,-1.7,5.1,-2.1,0.0,0.071,14.0,00-0036158
DobbJo00,-0.5,0.0,0.0,,10.0,,,,,,,00-0033949
DortGr01,1.4,0.7,0.0,,7.0,0.4,6.7,1.8,4.0,0.03,33.0,00-0035500
DotsJa00,,,,,,11.8,2.8,15.7,1.0,0.0,36.0,00-0037741
DoubRo00,,,,,,10.2,3.0,12.2,2.0,0.035,85.0,00-0037816
DougDe00,2.6,0.4,0.0,,7.0,7.5,6.9,9.9,1.0,0.043,46.0,00-0038621
DowdRi01,2.5,2.0,14.0,16.9,236.0,-1.4,9.0,-1.0,3.0,0.04,50.0,00-0036139
DownJo00,-2.0,1.0,0.0,,2.0,7.3,2.5,7.2,1.0,0.045,88.0,00-0038997
DrumDy00,,,,,,4.0,2.0,7.7,0.0,0.0,11.0,00-0038953
DulcGr00,-7.0,0.0,0.0,,1.0,5.2,7.7,4.8,2.0,0.0,33.0,00-0037252
DuliAs00,7.3,7.3,0.0,,3.0,10.6,10.6,15.8,0.0,0.0,10.0,00-0035021
DurhPa00,,,,,,0.0,11.0,3.8,0.0,0.25,4.0,00-0039050
DuveDe00,,,,,,13.0,0.0,14.2,0.0,0.0,5.0,00-0036331
DwelRo00,,,,,,0.0,3.5,0.2,0.0,0.0,5.0,00-0034073
EdwaCl00,0.4,1.4,0.0,,7.0,-2.0,6.5,-2.0,0.0,0.0,2.0,00-0036360
EgbuEm01,4.5,0.0,0.0,,2.0,9.6,5.3,12.1,1.0,0.071,127.0,00-0040129
EkelAu00,1.6,1.4,0.0,,14.0,-2.2,9.8,1.7,1.0,0.0,7.0,00-0033699
EngrEv00,6.0,1.0,0.0,,1.0,3.2,6.0,4.4,2.0,0.105,76.0,00-0033881
ErtzZa00,,,,,,7.6,2.5,9.0,1.0,0.069,72.0,00-0030061
EskrDW00,,,,,,13.3,2.3,13.4,0.0,0.0,7.0,00-0036620
EstiAu00,2.2,2.1,7.0,6.6,46.0,-0.4,9.0,-0.2,4.0,0.0,13.0,00-0039373
EtieTr00,2.2,2.1,10.0,26.0,260.0,-1.3,9.4,-1.3,4.0,0.096,52.0,00-0036973
EtieTr01,2.4,2.3,1.0,20.0,20.0,0.7,3.7,0.7,1.0,0.0,3.0,00-0040644
EvanMi00,,,,,,11.0,1.2,13.3,0.0,0.032,62.0,00-0031408
EvanMi01,0.0,1.0,0.0,,1.0,3.3,5.7,3.6,0.0,0.04,25.0,00-0040187
EwerQu00,2.4,0.0,0.0,,8.0,-6.0,0.0,-6.0,0.0,0.0,1.0,00-0040234
FannHa00,1.0,0.9,1.0,7.0,7.0,5.3,4.9,6.0,7.0,0.037000000000000005,107.0,00-0040663
FantNo00,,,,,,3.4,5.1,3.5,1.0,0.024,41.0,00-0035644
FarrLu00,,,,,,3.0,4.7,2.9,1.0,0.0,14.0,00-0036887
FeltTa00,,,,,,3.7,4.7,3.7,0.0,0.0,3.0,00-0040154
FergJa00,0.0,1.0,0.0,,1.0,3.6,3.7,4.7,6.0,0.02,102.0,00-0038041
FergTe00,0.0,0.0,0.0,,1.0,17.4,3.6,18.6,0.0,0.0,25.0,00-0040737
FielJu00,4.4,1.0,3.0,23.7,71.0,,,6.0,0.0,0.0,1.0,00-0036945
FirkAn00,,,,,,5.1,1.5,3.5,0.0,0.0,10.0,00-0033455
FiskTu00,,,,,,-1.0,10.5,5.5,0.0,0.25,4.0,00-0037654
FitzJo00,,,,,,1.3,4.8,1.6,0.0,0.133,15.0,00-0037306
FlacJo00,1.5,0.2,0.0,,21.0,,,,,,,00-0026158
FlacJo00,2.2,0.0,0.0,,6.0,,,,,,,00-0026158
FlacJo00,1.2,0.3,0.0,,15.0,,,,,,,00-0026158
FlouRy00,4.8,1.5,0.0,,4.0,6.8,5.1,8.3,2.0,0.036000000000000004,56.0,00-0039410
FlowZa00,4.3,1.9,0.0,,10.0,8.8,5.3,10.2,9.0,0.059000000000000004,118.0,00-0039064
FordJe00,1.8,1.3,9.0,2.7,24.0,-2.0,5.9,-1.5,2.0,0.094,32.0,00-0037267
FranFe00,1.0,1.0,0.0,,2.0,,,,,,,00-0036825
FranTr00,-0.6,3.0,1.0,5.0,5.0,6.6,4.3,12.7,3.0,0.038,104.0,00-0039868
FreiPa00,,,,,,5.6,6.2,6.0,3.0,0.0,54.0,00-0036894
GabrDi00,5.1,1.0,1.0,14.0,14.0,,,,,,,00-0040704
GadsOr01,,,,,,9.0,4.5,9.0,1.0,0.07200000000000001,69.0,00-0040189
GainKe00,2.6,2.1,14.0,8.1,114.0,-0.6,7.2,-0.2,5.0,0.024,85.0,00-0036919
GaroJi00,-1.1,0.0,0.0,,9.0,,,,,,,00-0031345
GaskMy00,0.7,1.3,0.0,,3.0,,,,,,,00-0035311
GesiMi00,,,,,,8.7,2.3,10.0,0.0,0.024,42.0,00-0034829
GibbJa01,3.4,1.7,18.0,13.5,243.0,0.0,8.0,0.6,7.0,0.043,94.0,00-0039139
GibsAn00,2.1,2.2,2.0,12.5,25.0,-5.0,8.0,-2.0,0.0,0.0,3.0,00-0036328
GiddDJ00,1.8,1.8,0.0,,26.0,,,-3.0,0.0,0.0,2.0,00-0040179
GillJa00,-13.0,0.0,0.0,,1.0,,,,,,,00-0035042
GillRe00,0.0,2.0,0.0,,2.0,11.0,1.0,11.0,0.0,0.0,2.0,00-0036187
GipsXa00,,,,,,-4.5,7.5,-4.5,0.0,0.0,2.0,00-0038496
GodwCh00,,,,,,4.7,6.2,7.0,4.0,0.02,51.0,00-0033921
GoedDa00,,,,,,6.0,3.9,7.1,3.0,0.049,82.0,00-0034351
GoffJa00,2.2,0.2,0.0,,19.0,,,,,,,00-0033106
GoldMa02,2.7,2.2,1.0,10.0,10.0,9.0,3.5,12.5,0.0,0.023,44.0,00-0040667
GoodTy00,1.6,1.1,0.0,,9.0,-1.0,5.0,-1.0,0.0,0.0,3.0,00-0037120
GordOl00,1.2,1.7,6.0,11.7,70.0,-3.6,8.1,-2.8,2.0,0.111,9.0,00-0040198
GoulAn00,,,,,,-1.0,4.0,-1.0,0.0,0.0,2.0,00-0039816
GranCa00,,,,,,-3.0,6.5,-3.0,0.0,0.0,2.0,00-0039631
GranKy00,,,,,,3.9,1.9,7.4,0.0,0.111,9.0,00-0036876
GrayNo00,,,,,,3.4,5.1,6.1,0.0,0.081,37.0,00-0036637
HallBr03,2.5,1.8,12.0,20.3,243.0,0.8,8.9,0.4,1.0,0.042,48.0,00-0038120
HampOm00,2.7,1.7,15.0,8.3,124.0,-1.7,7.7,-1.5,3.0,0.0,35.0,00-0040666
HamxC.00,1.0,0.7,0.0,,3.0,1.0,4.5,1.0,0.0,0.0,2.0,00-0032918
HardMe00,,,,,,,,46.0,0.0,0.0,1.0,00-0035140
HarrMa09,,,,,,11.9,2.9,12.9,3.0,0.055,73.0,00-0039849
HarrNa00,2.0,2.1,0.0,,15.0,3.3,5.0,3.3,1.0,0.0,3.0,00-0036893
HarrTr03,2.5,2.5,0.0,,2.0,6.2,4.6,7.7,1.0,0.023,43.0,00-0040727
HarvRJ00,1.9,1.8,7.0,20.9,146.0,-0.1,7.7,0.5,5.0,0.121,58.0,00-0040730
HaskHa00,1.2,1.5,1.0,17.0,17.0,-0.8,4.0,-0.8,0.0,0.0,4.0,00-0037617
HaweJa00,,,,,,6.0,5.7,7.3,2.0,0.105,19.0,00-0040194
HeatMa00,,,,,,9.5,4.8,9.3,1.0,0.14300000000000002,7.0,00-0038465
HelmGu00,,,,,,4.5,3.6,5.6,0.0,0.036000000000000004,55.0,00-0040584
HendTr02,3.1,2.0,11.0,16.4,180.0,-0.7,7.0,0.0,3.0,0.048,42.0,00-0040734
HenrDe00,2.8,2.4,13.0,23.6,307.0,1.0,9.0,0.6,1.0,0.048,21.0,00-0032764
HenrHu00,,,,,,7.2,5.6,8.0,1.0,0.034,87.0,00-0033090
HerbJu00,4.9,1.1,3.0,27.7,83.0,,,,,,,00-0036355
HerbKh00,0.9,2.3,0.0,,16.0,-5.0,9.0,-3.3,0.0,0.25,4.0,00-0036906
HeywCo00,2.2,0.7,0.0,,15.0,5.3,1.7,6.5,0.0,0.0,4.0,00-0037304
HigbTy00,,,,,,5.6,5.6,5.9,0.0,0.083,36.0,00-0033110
HiggEl00,,,,,,3.1,7.0,3.6,5.0,0.0,37.0,00-0039041
HiggJa00,,,,,,9.8,3.0,11.0,1.0,0.044000000000000004,68.0,00-0040130
HiggTe00,,,,,,11.5,2.8,13.1,5.0,0.02,98.0,00-0036410
HillJu00,1.3,3.9,1.0,18.0,18.0,-0.7,8.8,-0.2,5.0,0.0,27.0,00-0034975
HillJu02,,,,,,1.9,7.4,3.3,1.0,0.05,20.0,00-0038720
HillTa00,0.9,1.3,2.0,26.0,52.0,0.5,7.8,3.4,0.0,0.188,16.0,00-0033357
HillTy00,,,,,,9.9,2.7,13.4,0.0,0.0,29.0,00-0033040
HineNy00,-1.5,0.5,0.0,,2.0,,,,,,,00-0034367
HockTJ00,0.0,0.0,0.0,,1.0,4.3,4.3,5.2,2.0,0.045,66.0,00-0035229
HodgIs00,,,,,,9.8,1.7,10.9,1.0,0.0,19.0,00-0036165
HodgKh00,,,,,,7.3,3.0,15.0,1.0,0.1,10.0,00-0034854
HolaGe00,1.6,1.7,3.0,7.3,22.0,-0.5,8.0,-0.5,0.0,0.0,2.0,00-0039299
HollMa00,4.0,0.0,0.0,,1.0,9.6,2.3,13.0,0.0,0.0,65.0,00-0033555
HomeTr00,-2.0,0.0,0.0,,1.0,,,,,,,00-0035594
HoopAu00,,,,,,8.4,4.1,8.9,0.0,0.0,26.0,00-0032392
HopkDe00,,,,,,12.0,3.0,13.2,0.0,0.0,39.0,00-0030564
HornJi00,6.8,1.9,0.0,,8.0,3.4,6.5,6.0,2.0,0.067,15.0,00-0040218
HortTo00,,,,,,9.8,2.5,15.3,1.0,0.0,22.0,00-0040648
HubbCh01,2.0,1.8,1.0,134.0,134.0,-2.3,9.7,-1.0,3.0,0.10300000000000001,39.0,00-0036555
HudsTa00,,,,,,4.5,4.4,5.0,1.0,0.0,24.0,00-0034613
HullEv00,1.5,1.1,0.0,,19.0,-4.0,10.0,-4.0,0.0,0.0,1.0,00-0038397
HumpLi01,,,,,,9.8,2.2,11.1,0.0,0.04,25.0,00-0035406
HumpLi01,,,,,,13.3,0.5,14.6,0.0,0.0,10.0,00-0035406
HumpLi01,,,,,,8.2,3.0,8.8,0.0,0.067,15.0,00-0035406
HuntKa00,1.8,2.0,7.0,23.3,163.0,-0.6,8.5,0.2,2.0,0.04,25.0,00-0033923
HuntTr00,0.0,0.0,0.0,,1.0,5.6,5.0,7.8,3.0,0.044000000000000004,45.0,00-0040718
HuntTy01,5.5,0.8,1.0,24.0,24.0,,,,,,,00-0035993
HurtJa00,3.3,0.7,3.0,35.0,105.0,,,,,,,00-0036389
HutcXa00,0.0,7.3,0.0,,3.0,8.1,4.2,10.2,3.0,0.035,57.0,00-0038618
HyatJa00,,,,,,6.6,0.4,20.0,0.0,0.0,14.0,00-0038938
IngoAl01,1.5,3.0,1.0,2.0,2.0,0.9,5.6,3.7,0.0,0.091,11.0,00-0035125
IosiAn00,3.7,1.0,0.0,,3.0,10.1,3.1,10.3,1.0,0.086,58.0,00-0038619
IrviBu00,1.8,1.6,10.0,17.3,173.0,-2.8,12.0,-1.6,6.0,0.0,35.0,00-0039361
JackLa00,3.8,1.4,7.0,9.6,67.0,,,,,,,00-0034796
JackSh01,2.0,1.0,0.0,,1.0,13.0,1.0,16.2,0.0,0.0,5.0,00-0038891
JacoJo01,2.0,2.0,16.0,14.6,234.0,-0.6,8.4,-0.9,5.0,0.023,44.0,00-0035700
JeanAs00,1.6,2.1,24.0,11.1,266.0,-1.9,8.2,-1.5,8.0,0.055,73.0,00-0040122
JeffJu00,2.5,1.0,0.0,,2.0,7.1,5.4,10.2,5.0,0.021,141.0,00-0036322
JeffVa00,,,,,,9.2,2.9,11.9,0.0,0.0,52.0,00-0036415
JennJa00,,,,,,8.4,3.3,10.1,4.0,0.033,90.0,00-0036259
JennTe00,2.2,1.0,1.0,23.0,23.0,2.0,7.0,2.0,0.0,0.0,1.0,00-0039757
JeudJe00,4.0,1.0,0.0,,1.0,8.7,3.3,12.2,0.0,0.094,106.0,00-0036407
JohnAm00,1.5,2.5,0.0,,2.0,,,-2.0,0.0,0.0,1.0,00-0040039
JohnDE04,1.1,0.6,1.0,14.0,14.0,,,,,,,00-0035628
JohnDE04,0.0,0.0,0.0,,1.0,,,,,,,00-0035628
JohnDE04,1.2,0.7,1.0,13.0,13.0,,,,,,,00-0035628
JohnJo05,3.3,1.3,0.0,,12.0,,,,,,,00-0026300
JohnJu02,,,,,,6.8,4.7,7.5,5.0,0.059000000000000004,102.0,00-0036040
JohnKa01,6.5,0.0,0.0,,2.0,11.0,5.0,12.6,0.0,0.14300000000000002,7.0,00-0039589
JohnKa03,1.3,1.2,2.0,14.0,28.0,-5.0,14.0,-4.0,0.0,0.5,2.0,00-0040142
JohnQu02,2.5,1.0,0.0,,2.0,10.1,4.3,11.8,5.0,0.024,84.0,00-0038544
JohnRo07,3.0,5.5,0.0,,2.0,,,,,,,00-0039021
JohnTe03,2.6,0.6,0.0,,7.0,7.6,3.9,11.7,1.0,0.045,44.0,00-0040237
JohnTh00,,,,,,7.6,4.2,8.3,1.0,0.068,74.0,00-0039847
JohnTy00,,,,,,11.1,5.3,11.7,3.0,0.111,18.0,00-0036427
JohnTy02,2.6,1.4,2.0,25.0,50.0,-1.6,12.5,-1.2,4.0,0.061,33.0,00-0035537
JoneAa00,2.4,1.8,5.0,26.4,132.0,-1.0,8.1,-0.5,0.0,0.049,41.0,00-0033293
JoneCh11,,,,,,,,42.0,0.0,0.0,1.0,00-0038576
JoneDa05,3.0,0.6,1.0,45.0,45.0,,,,,,,00-0035710
JoneJa16,,,,,,3.0,22.0,3.0,0.0,0.0,1.0,00-0040317
JoneMa05,1.2,0.5,1.0,36.0,36.0,,,,,,,00-0036972
JoneTi00,,,,,,4.0,11.0,4.0,0.0,0.0,1.0,00-0036497
JoneVe00,7.0,1.0,0.0,,4.0,,,,,,,00-0037745
JoneZa00,,,,,,12.3,3.0,13.4,0.0,0.0,18.0,00-0033891
JordJa00,2.4,2.1,8.0,5.4,43.0,-0.9,5.7,-0.9,0.0,0.0,7.0,00-0039405
JudkQu00,1.4,2.2,11.0,20.9,230.0,-0.9,7.5,-0.5,0.0,0.027999999999999997,36.0,00-0040784
JuszKy00,-1.5,0.0,0.0,,2.0,4.3,4.5,4.3,1.0,0.0,28.0,00-0029892
KallNi00,,,,,,,,8.0,0.0,0.0,1.0,00-0040058
KamaAl00,2.2,1.4,7.0,18.7,131.0,-0.5,6.1,0.8,2.0,0.051,39.0,00-0033906
KeenJa00,,,,,,7.5,0.0,7.5,0.0,0.0,2.0,00-0040388
KelcTr00,1.0,0.0,0.0,,1.0,5.6,5.6,6.8,1.0,0.065,108.0,00-0030506
KennTo01,,,,,,8.0,1.0,8.0,0.0,0.0,4.0,00-0035544
KincDa00,,,,,,8.0,6.6,9.5,1.0,0.02,49.0,00-0038933
KineCo00,2.4,2.4,1.0,12.0,12.0,4.5,3.0,3.7,0.0,0.33299999999999996,3.0,00-0040556
KinsMa00,,,,,,22.5,1.5,22.5,0.0,0.25,4.0,00-0036176
KirkCh01,,,,,,4.4,4.1,6.8,1.0,0.038,52.0,00-0034775
KittGe00,-3.0,0.0,0.0,,1.0,6.6,4.4,6.7,2.0,0.013999999999999999,69.0,00-0033288
KmetCo00,,,,,,6.6,5.0,8.8,2.0,0.042,48.0,00-0036290
KnigZo00,1.6,1.6,5.0,16.4,82.0,0.4,6.9,1.2,1.0,0.032,31.0,00-0037157
KnoxDa00,,,,,,6.5,5.1,6.7,0.0,0.040999999999999995,49.0,00-0035689
KolaCh00,,,,,,9.0,5.2,7.1,1.0,0.067,15.0,00-0038046
KrafTu00,3.0,0.0,0.0,,1.0,4.5,10.8,4.7,6.0,0.068,44.0,00-0038996
KrulLu00,,,,,,5.5,2.0,5.0,0.0,0.0,4.0,00-0037539
KuppCo00,,,,,,6.4,6.2,7.4,2.0,0.043,70.0,00-0033908
LaPoSa01,,,,,,5.4,6.9,5.7,5.0,0.0,49.0,00-0039065
LambCe00,0.0,2.0,0.0,,1.0,10.1,4.3,11.7,6.0,0.068,117.0,00-0036358
LambKe01,,,,,,6.0,4.2,17.6,1.0,0.0,12.0,00-0040184
LancTr00,4.2,0.8,1.0,17.0,17.0,,,,,,,00-0037012
LaneJa00,5.0,2.0,0.0,,1.0,11.6,2.4,13.3,0.0,0.031,32.0,00-0040164
LarvGa00,3.0,0.0,0.0,,1.0,6.1,4.0,8.9,0.0,0.14300000000000002,14.0,00-0040259
LatuKe00,,,,,,3.0,5.8,3.0,2.0,0.0,4.0,00-0040363
LaubDy00,0.4,0.9,0.0,,7.0,-2.0,8.0,-1.5,1.0,0.0,4.0,00-0039407
LawrTr00,3.3,1.1,5.0,16.4,82.0,,,,,,,00-0036971
LazaAl00,,,,,,3.7,3.3,7.9,0.0,0.055999999999999994,18.0,00-0034521
LegeXa00,0.0,0.0,0.0,,1.0,8.2,2.1,9.6,0.0,0.031,64.0,00-0039342
LeonRi02,4.3,0.2,0.0,,6.0,,,,0.0,,0.0,00-0040206
LikeIs00,,,,,,7.0,4.3,8.0,1.0,0.027999999999999997,36.0,00-0037838
LockDr00,-0.8,0.0,0.0,,6.0,,,,,,,00-0035704
LockTy00,,,,,,6.6,2.5,7.6,1.0,0.055,55.0,00-0032211
LockTy00,,,,,,4.2,2.8,7.3,0.0,0.048,21.0,00-0032211
LockTy00,,,,,,7.7,2.3,7.8,1.0,0.059000000000000004,34.0,00-0032211
LondDr00,,,,,,10.1,3.4,10.9,0.0,0.009000000000000001,112.0,00-0037238
LongHu00,,,,,,4.5,2.6,4.1,0.0,0.235,17.0,00-0037004
LoveCo00,-2.0,0.0,0.0,,1.0,8.0,4.3,9.0,4.0,0.012,82.0,00-0040126
LoveJo03,3.1,1.1,2.0,23.5,47.0,,,,,,,00-0036264
LuepHu00,1.6,2.8,0.0,,16.0,-0.8,9.2,-0.2,1.0,0.067,15.0,00-0038738
MafaPh00,2.2,1.4,0.0,,5.0,-5.5,11.0,-5.5,1.0,0.0,2.0,00-0040021
MahoPa00,5.6,1.0,4.0,16.0,64.0,-8.0,-2.0,-8.0,0.0,0.0,1.0,00-0033873
MallWi00,,,,,,16.0,0.0,16.0,0.0,0.0,1.0,00-0038394
ManhCh00,,,,,,1.0,6.0,5.5,0.0,0.0,2.0,00-0031484
MannBr01,-34.0,0.0,0.0,,1.0,,,,,,,00-0036313
MariMa01,5.3,0.6,0.0,,50.0,,,,,,,00-0032268
MarkWo00,1.8,1.8,6.0,32.7,196.0,-0.6,9.3,2.1,3.0,0.055999999999999994,36.0,00-0040583
MartDa01,,,,,,3.5,4.0,3.8,1.0,0.0,6.0,00-0039648
MartTa00,,,,,,9.0,2.5,9.0,0.0,0.0,2.0,00-0037524
MasoJo00,2.3,2.4,13.0,12.2,159.0,-3.6,7.3,-3.3,1.0,0.0,16.0,00-0037525
MataMo00,,,,,,2.5,2.5,2.5,0.0,0.0,2.0,00-0040244
MatlSc00,,,,,,0.0,3.0,0.0,0.0,0.0,4.0,00-0038614
MayeDr00,3.3,1.1,2.0,51.5,103.0,-8.0,10.0,-8.0,0.0,0.0,1.0,00-0039851
MayeMi00,,,,,,3.8,5.6,4.8,1.0,0.02,50.0,00-0039066
MayfBa00,5.1,1.8,7.0,7.9,55.0,,,,,,,00-0034855
McBrTr01,,,,,,5.2,4.6,6.8,9.0,0.012,169.0,00-0037744
McCaCh01,2.3,1.5,10.0,31.1,311.0,2.0,7.1,2.3,11.0,0.054000000000000006,129.0,00-0033280
McCaJJ00,3.2,1.7,5.0,7.4,37.0,,,,,,,00-0039923
McCaLu00,,,,,,12.2,6.3,14.5,0.0,0.0,15.0,00-0039355
McClRa00,,,,,,3.3,6.6,5.6,0.0,0.067,15.0,00-0034407
McClRa00,,,,,,3.0,7.7,5.6,0.0,0.071,14.0,00-0034407
McClRa00,,,,,,5.0,0.0,5.0,0.0,0.0,1.0,00-0034407
McCoLa00,,,,,,7.3,4.7,9.9,5.0,0.057,106.0,00-0039915
McKeTa01,0.4,0.6,0.0,,8.0,,,,,,,00-0038400
McLaJa00,3.1,2.0,2.0,18.5,37.0,-3.0,9.8,-3.8,1.0,0.16699999999999998,6.0,00-0038794
McLaTe00,,,,,,12.9,2.4,13.9,6.0,0.017,60.0,00-0035659
McMiJa01,0.0,1.0,0.0,,1.0,9.9,4.9,11.9,0.0,0.067,15.0,00-0039855
McMiTe00,,,,,,10.6,3.8,11.6,2.0,0.066,122.0,00-0040124
McNiJe00,1.5,3.5,6.0,7.3,44.0,-1.0,8.9,-0.7,2.0,0.032,31.0,00-0033955
MeltBo00,5.0,2.0,0.0,,5.0,25.0,1.8,17.1,0.0,0.077,13.0,00-0037091
MetcDK00,5.0,1.0,0.0,,2.0,7.4,7.0,10.5,8.0,0.051,99.0,00-0035640
MetcJo00,-2.0,0.3,0.0,,3.0,4.1,4.2,5.6,1.0,0.063,48.0,00-0037614
MetcJo00,-2.0,0.3,0.0,,3.0,1.5,3.0,1.5,0.0,0.0,4.0,00-0037614
MetcJo00,-2.0,0.3,0.0,,3.0,4.4,4.4,6.0,1.0,0.068,44.0,00-0037614
MeyeJa01,1.0,1.6,0.0,,5.0,7.4,3.8,9.1,4.0,0.018000000000000002,110.0,00-0034960
MeyeJa01,1.0,1.6,0.0,,5.0,6.0,4.6,8.8,4.0,0.02,49.0,00-0034960
MeyeJa01,1.0,1.6,0.0,,5.0,8.4,3.1,9.4,0.0,0.016,61.0,00-0034960
MillDa02,3.8,0.8,0.0,,13.0,,,,,,,00-0036898
MillKe01,1.5,2.6,7.0,6.7,47.0,-1.0,7.0,-1.0,1.0,0.0,5.0,00-0038551
MillRy01,,,,,,17.0,0.0,17.5,0.0,0.25,4.0,00-0038824
MillSc01,,,,,,3.4,3.4,5.3,0.0,0.0,14.0,00-0035298
MilrJa00,0.3,1.0,0.0,,3.0,,,,,,,00-0040673
MiltJo00,8.4,1.6,0.0,,5.0,,,,,,,00-0039398
MiltKe01,1.0,0.0,0.0,,2.0,,,,,,,00-0039266
MimsMa00,4.8,1.7,1.0,12.0,12.0,2.5,6.2,9.4,3.0,0.02,51.0,00-0038976
MingJo00,,,,,,21.0,4.0,19.4,0.0,0.2,5.0,00-0039062
MinsGa00,0.3,0.0,0.0,,6.0,,,,,,,00-0035289
MitcAd00,-4.0,0.0,0.0,,1.0,11.3,2.4,14.9,0.0,0.027000000000000003,74.0,00-0039890
MitcAd00,-4.0,0.0,0.0,,1.0,11.2,5.7,16.1,0.0,0.0,16.0,00-0039890
MitcAd00,-4.0,0.0,0.0,,1.0,11.3,1.2,14.6,0.0,0.034,58.0,00-0039890
MitcEl00,,,,,,,,16.0,0.0,0.0,1.0,00-0036567
MitcJa00,,,,,,2.3,7.0,2.3,0.0,0.0,3.0,00-0037282
MitcKe01,3.6,2.2,2.0,29.5,59.0,-2.4,9.4,-2.3,0.0,0.083,12.0,00-0038454
MitcZa00,,,,,,6.0,2.5,4.3,0.0,0.0,3.0,00-0037340
MitcZa00,,,,,,3.0,0.0,2.0,0.0,0.0,2.0,00-0037340
MitcZa00,,,,,,9.0,5.0,9.0,0.0,0.0,1.0,00-0037340
MonaKy00,2.7,1.9,5.0,33.8,169.0,0.1,9.0,-0.3,3.0,0.2,30.0,00-0040236
MontDa01,2.3,2.2,3.0,52.7,158.0,-0.3,8.3,0.5,0.0,0.0,29.0,00-0035685
MoonDa00,,,,,,11.6,2.3,13.9,1.0,0.069,72.0,00-0036309
MoorCh00,7.0,2.0,0.0,,1.0,14.0,4.8,14.4,0.0,0.13,23.0,00-0032398
MoorD.00,3.9,1.4,2.0,7.5,15.0,9.2,4.4,11.5,4.0,0.035,85.0,00-0034827
MoorDa03,6.0,6.0,0.0,,1.0,5.0,0.0,5.0,0.0,0.0,1.0,00-0033589
MoorEl00,2.8,1.2,2.0,3.0,6.0,6.0,6.4,8.4,1.0,0.059000000000000004,17.0,00-0036980
MoorMa04,,,,,,3.0,0.0,3.0,0.0,0.0,1.0,00-0040165
MoorSk01,4.5,1.0,0.0,,2.0,11.6,5.8,15.7,2.0,0.0,7.0,00-0038090
MoreFo00,,,,,,2.1,6.3,1.0,1.0,0.2,10.0,00-0034981
MorrQu00,,,,,,5.7,3.5,5.0,0.0,0.0,9.0,00-0036590
MostRa00,1.6,3.1,2.0,11.0,22.0,-1.3,7.2,-1.3,0.0,0.0,12.0,00-0031687
MullKa00,1.3,1.0,0.0,,3.0,,,,,,,00-0040205
MullNi00,-0.7,0.0,0.0,,12.0,,,,,,,00-0033319
MumpKo00,,,,,,6.7,2.5,9.7,0.0,0.087,23.0,00-0040590
MundJo00,,,,,,3.9,8.4,5.1,2.0,0.158,19.0,00-0033246
MurrKy00,4.5,1.5,2.0,14.5,29.0,,,,,,,00-0035228
MusgLu00,,,,,,7.6,2.9,8.6,0.0,0.032,31.0,00-0039144
NabeMa00,,,,,,12.2,2.9,15.9,0.0,0.028999999999999998,35.0,00-0039337
NacuPu00,3.4,7.1,1.0,10.0,10.0,8.1,5.2,9.3,11.0,0.024,166.0,00-0039075
NailJa00,0.5,6.0,0.0,,2.0,11.4,3.9,12.5,2.0,0.019,53.0,00-0037291
NealDe00,1.7,1.9,1.0,57.0,57.0,-2.0,8.1,-2.0,2.0,0.053,19.0,00-0040202
NixxBo00,3.5,0.7,0.0,,83.0,,,2.0,0.0,0.0,1.0,00-0039732
NjokDa00,,,,,,4.0,4.8,5.3,3.0,0.021,48.0,00-0033885
NoelJa00,1.2,0.8,0.0,,6.0,7.4,3.8,9.0,0.0,0.028999999999999998,35.0,00-0040138
NwanKe00,1.8,1.9,0.0,,13.0,,,-6.0,0.0,0.0,1.0,00-0036842
OConAi00,7.0,0.0,0.0,,1.0,,,,,,,00-0038579
OdunRo00,,,,,,10.2,4.9,13.9,1.0,0.022000000000000002,90.0,00-0039919
OgleAn00,,,,,,4.5,2.3,5.8,0.0,0.0,6.0,00-0037292
OgunDa00,1.0,1.3,0.0,,11.0,2.0,5.6,1.8,0.0,0.077,13.0,00-0033854
OkonCh00,,,,,,3.9,6.1,4.7,6.0,0.063,79.0,00-0037809
OkwuAl00,,,,,,0.4,6.8,3.0,0.0,0.0,6.0,00-0036423
OladCh00,3.6,0.0,0.0,,5.0,,,,,,,00-0037324
OlavCh00,-3.0,0.0,0.0,,1.0,8.7,2.9,11.8,2.0,0.032,156.0,00-0037239
OlivBr02,,,,,,6.0,2.0,6.0,0.0,0.0,1.0,00-0039650
OlivJo00,,,,,,3.9,6.8,3.4,0.0,0.0,19.0,00-0035249
OlszGu00,,,,,,7.1,7.4,10.0,0.0,0.0,13.0,00-0035645
OttoCa00,,,,,,4.5,5.2,5.1,6.0,0.012,81.0,00-0038129
OwenCo00,,,,,,,,2.0,0.0,1.0,1.0,00-0040352
PachIs00,2.2,1.8,2.0,59.0,118.0,-1.1,6.4,-1.0,1.0,0.115,26.0,00-0037197
PalmJo00,,,,,,11.3,2.5,11.5,0.0,0.0,37.0,00-0036988
ParkCo02,,,,,,3.2,6.3,4.4,4.0,0.054000000000000006,56.0,00-0036244
PatrTi00,,,,,,8.9,3.6,10.8,1.0,0.083,24.0,00-0033375
PattJa01,1.6,2.3,1.0,41.0,41.0,0.0,2.7,-0.3,0.0,0.0,4.0,00-0036755
PearRi00,-4.5,3.5,2.0,1.0,2.0,12.6,2.1,14.1,0.0,0.019,53.0,00-0039916
PeniMi00,3.0,0.3,0.0,,21.0,,,,,,,00-0039917
PeriSa00,2.3,2.3,4.0,21.0,84.0,-1.3,6.4,-1.5,2.0,0.048,21.0,00-0033526
PettDa00,,,,,,4.6,9.6,9.5,2.0,0.0,11.0,00-0034860
PickGe00,,,,,,10.2,5.2,11.3,6.0,0.028999999999999998,137.0,00-0037247
PickKe00,3.6,0.8,1.0,5.0,5.0,,,,,,,00-0038102
PierAl00,,,,,,17.6,3.7,18.9,1.0,0.012,84.0,00-0037664
PierDa01,0.9,1.7,2.0,7.0,14.0,,,-4.0,0.0,1.0,1.0,00-0037258
PierDa01,0.7,1.9,2.0,5.0,10.0,,,-4.0,0.0,1.0,1.0,00-0037258
PierDa01,1.3,1.3,0.0,,4.0,,,-4.0,0.0,1.0,1.0,00-0037258
PittKy00,,,,,,6.0,4.5,7.4,2.0,0.017,118.0,00-0036970
PittMi01,,,,,,6.6,3.2,8.2,3.0,0.054000000000000006,111.0,00-0036252
PolaIs00,2.0,1.0,0.0,,1.0,,,,,,,00-0037512
PollTo00,2.6,1.8,16.0,15.1,242.0,0.1,6.2,0.3,2.0,0.049,41.0,00-0035261
PrenAd00,3.0,1.4,0.0,,10.0,1.7,7.2,1.1,0.0,0.125,8.0,00-0036727
PresDa01,2.6,0.7,3.0,17.7,53.0,,,,,,,00-0033077
ProcJa00,,,,,,10.5,0.3,14.6,0.0,0.0,12.0,00-0036133
PurdBr00,3.8,0.6,0.0,,33.0,,,,,,,00-0037834
RattSp00,3.5,1.9,4.0,7.8,31.0,0.0,0.0,2.0,0.0,0.0,2.0,00-0039376
RaymKa00,3.0,6.5,0.0,,2.0,5.5,6.5,5.6,1.0,0.0,30.0,00-0032464
ReedJa03,5.3,4.0,1.0,3.0,3.0,6.4,4.5,8.1,2.0,0.045,22.0,00-0039146
ReimTi00,,,,,,3.7,2.3,5.2,1.0,0.0,5.0,00-0039737
RemiNi00,8.0,3.0,0.0,,1.0,18.0,3.0,18.0,0.0,0.0,1.0,00-0038519
RenfHu00,,,,,,4.3,1.6,7.5,0.0,0.0,26.0,00-0034983
RestXa00,,,,,,10.7,3.0,11.0,0.0,0.0,7.0,00-0040522
ReynCr00,1.3,0.0,0.0,,3.0,,,,,,,00-0035567
ReynJo00,,,,,,7.9,1.3,13.1,2.0,0.0,21.0,00-0033943
RicaPa00,2.0,1.0,0.0,,1.0,6.0,2.0,4.0,0.0,0.0,2.0,00-0033376
RiccGi00,,,,,,,,3.0,0.0,0.0,1.0,00-0035956
RiceRa01,2.6,1.4,0.0,,5.0,3.0,7.8,4.3,3.0,0.064,78.0,00-0039067
RichAn03,-0.3,0.0,0.0,,4.0,2.0,7.0,2.0,0.0,0.0,1.0,00-0039164
RidlCa00,,,,,,12.9,4.9,12.8,0.0,0.111,36.0,00-0034837
RivePh00,-0.5,0.0,0.0,,2.0,,,,,,,00-0022942
RiveRo01,2.9,2.2,0.0,,9.0,,,,,,,00-0037557
RobiBi01,2.8,2.3,22.0,13.0,287.0,-0.5,10.8,0.9,10.0,0.039,103.0,00-0038542
RobiBr01,2.6,1.8,10.0,9.2,92.0,-1.3,4.4,0.0,0.0,0.0,12.0,00-0037746
RobiDe01,4.0,2.0,0.0,,1.0,10.9,1.6,13.5,1.0,0.028999999999999998,35.0,00-0032775
RobiWa01,0.3,1.3,0.0,,3.0,6.8,4.2,8.5,6.0,0.028999999999999998,140.0,00-0038117
RodgAa00,2.8,0.1,0.0,,21.0,-9.0,0.0,-9.0,0.0,0.0,1.0,00-0023459
RodrCh00,1.5,3.0,13.0,8.6,112.0,1.3,8.7,4.0,0.0,0.0,4.0,00-0038611
RoyaJa00,,,,,,0.0,2.0,7.3,0.0,0.0,3.0,00-0040646
RuckJe00,,,,,,3.5,4.3,3.6,0.0,0.034,29.0,00-0037805
RudoMa00,0.6,0.3,0.0,,7.0,,,,,,,00-0034771
RunyCa00,,,,,,-3.0,6.0,-3.0,0.0,0.0,1.0,00-0040488
RushCo00,-1.0,0.0,0.0,,4.0,,,,,,,00-0033662
RussBr00,,,,,,,,0.0,0.0,1.0,1.0,00-0038488
SampDr00,1.0,2.0,0.0,,1.0,-0.2,7.3,0.2,1.0,0.0,20.0,00-0035631
SampDy00,1.2,1.5,6.0,10.8,65.0,-1.4,9.6,-1.5,2.0,0.0,40.0,00-0040162
SamuCu00,,,,,,7.7,3.9,16.1,0.0,0.0,9.0,00-0033282
SamuDe00,1.8,2.6,2.0,8.5,17.0,3.6,6.5,5.2,6.0,0.061,99.0,00-0035719
SandJa01,,,,,,3.6,3.0,4.8,1.0,0.028999999999999998,34.0,00-0039356
SandMi01,4.1,1.8,1.0,20.0,20.0,-1.8,5.5,-1.8,0.0,0.0,8.0,00-0035243
SandRa00,1.2,2.2,0.0,,27.0,2.3,4.7,3.5,1.0,0.0,4.0,00-0040466
SandSh00,5.5,2.6,1.0,21.0,21.0,,,,,,,00-0040668
SaubEr00,,,,,,3.8,4.0,4.0,0.0,0.0,7.0,00-0033576
SaylJa00,2.5,3.0,1.0,2.0,2.0,,,,,,,00-0038896
SchoLu00,,,,,,3.6,5.9,7.1,1.0,0.043,23.0,00-0038547
SchuDa00,,,,,,5.1,4.4,6.2,3.0,0.019,106.0,00-0034383
ScotZa00,1.6,1.9,1.0,32.0,32.0,-0.5,7.5,1.1,1.0,0.0,16.0,00-0038440
ShahRa00,6.8,0.9,0.0,,9.0,8.6,3.0,11.4,2.0,0.0,92.0,00-0037545
ShahRa00,6.8,0.9,0.0,,9.0,8.1,3.3,11.3,2.0,0.0,66.0,00-0037545
ShahRa00,6.8,0.9,0.0,,9.0,10.3,2.2,11.7,0.0,0.0,26.0,00-0037545
ShahRa00,2.0,0.5,0.0,,2.0,8.6,3.0,11.4,2.0,0.0,92.0,00-0037545
ShahRa00,2.0,0.5,0.0,,2.0,8.1,3.3,11.3,2.0,0.0,66.0,00-0037545
ShahRa00,2.0,0.5,0.0,,2.0,10.3,2.2,11.7,0.0,0.0,26.0,00-0037545
ShahRa00,8.1,1.0,0.0,,7.0,8.6,3.0,11.4,2.0,0.0,92.0,00-0037545
ShahRa00,8.1,1.0,0.0,,7.0,8.1,3.3,11.3,2.0,0.0,66.0,00-0037545
ShahRa00,8.1,1.0,0.0,,7.0,10.3,2.2,11.7,0.0,0.0,26.0,00-0037545
ShakKh00,5.0,0.0,0.0,,1.0,2.5,7.5,3.7,7.0,0.032,95.0,00-0037261
ShavTy00,,,,,,12.1,4.3,13.4,0.0,0.0,23.0,00-0038679
ShepSt00,4.3,0.5,0.0,,4.0,5.7,3.8,8.5,2.0,0.0,53.0,00-0032385
SherTr00,,,,,,2.3,4.7,9.0,0.0,0.0,5.0,00-0034487
SherTr00,,,,,,2.3,4.7,9.8,0.0,0.0,4.0,00-0034487
SherTr00,,,,,,,,6.0,0.0,0.0,1.0,00-0034487
ShipWi00,2.0,1.5,0.0,,14.0,-0.8,7.0,-0.8,0.0,0.083,12.0,00-0039746
ShouTy00,3.3,0.8,2.0,22.5,45.0,,,,,,,00-0040743
SillDa01,,,,,,7.5,3.1,10.9,1.0,0.139,36.0,00-0035359
SimmJe01,,,,,,1.0,0.0,1.0,0.0,0.0,1.0,00-0035643
SimsBe00,,,,,,8.3,1.7,12.2,0.0,0.0,6.0,00-0038809
SimsSt00,,,,,,,,2.0,0.0,1.0,1.0,00-0034928
SingDe00,1.8,1.8,4.0,29.8,119.0,-0.6,9.0,-0.6,4.0,0.053,19.0,00-0035250
SinnBe00,,,,,,4.6,5.7,8.2,1.0,0.0,13.0,00-0039912
SkatCa00,2.2,1.9,7.0,14.4,101.0,-0.1,8.7,-0.2,4.0,0.0,32.0,00-0040715
SkinQu00,,,,,,4.0,6.0,4.0,0.0,0.0,1.0,00-0040406
SkowBe00,,,,,,11.5,5.8,10.0,0.0,0.0,6.0,00-0036862
SlayDa01,,,,,,9.2,5.4,13.0,2.0,0.079,63.0,00-0035535
SmarSt00,,,,,,3.6,3.9,4.7,0.0,0.0,9.0,00-0037475
SmitAr01,2.3,1.0,0.0,,4.0,2.7,4.7,13.5,1.0,0.063,16.0,00-0040582
SmitBr09,2.1,1.3,0.0,,44.0,-2.4,9.3,-1.4,1.0,0.057,35.0,00-0040078
SmitDe07,,,,,,9.3,3.8,11.9,0.0,0.027000000000000003,113.0,00-0036912
SmitGe00,1.4,1.3,2.0,20.5,41.0,,,,,,,00-0030565
SmitJa06,2.3,2.9,1.0,7.0,7.0,10.6,4.4,11.2,3.0,0.031,163.0,00-0038543
SmitJo01,3.2,4.6,3.0,3.0,9.0,1.1,4.7,4.3,3.0,0.037000000000000005,54.0,00-0033858
SmitJu00,,,,,,4.7,5.8,5.6,3.0,0.044000000000000004,45.0,00-0033857
SmitXa00,,,,,,10.9,5.9,16.8,1.0,0.042,24.0,00-0038359
SmytDu00,,,,,,2.5,3.8,4.0,0.0,0.16699999999999998,6.0,00-0034798
SpanBr00,,,,,,6.3,3.7,8.2,0.0,0.0,13.0,00-0039530
SpeaTy00,2.6,1.3,4.0,18.0,72.0,-2.2,8.0,-1.9,10.0,0.04,50.0,00-0039032
StafMa00,0.0,0.1,0.0,,29.0,,,,,,,00-0026498
StevRh00,1.9,2.8,16.0,8.1,130.0,2.6,8.2,4.3,0.0,0.0,37.0,00-0036875
StidJa00,-1.0,0.0,0.0,,1.0,,,,,,,00-0035264
StolJa00,,,,,,4.8,2.8,3.1,0.0,0.0,11.0,00-0036741
StovCa00,0.0,0.8,0.0,,4.0,2.0,4.3,1.9,1.0,0.063,16.0,00-0039359
StraBr00,,,,,,6.4,5.4,6.9,2.0,0.067,60.0,00-0038935
StroCJ00,3.8,0.6,0.0,,48.0,,,,,,,00-0039163
StuaGr00,0.0,0.0,0.0,,1.0,,,,,,,00-0036672
StxxAm00,1.0,2.0,0.0,,3.0,7.1,4.9,7.9,4.0,0.057999999999999996,172.0,00-0036963
SuttCo00,,,,,,10.7,3.0,12.4,3.0,0.065,124.0,00-0034348
SwifDA00,3.0,1.9,11.0,20.3,223.0,-1.7,10.5,-0.6,1.0,0.083,48.0,00-0036275
TagoTu00,2.0,0.2,0.0,,20.0,,,,,,,00-0036212
TaylJo02,2.5,2.4,27.0,12.0,323.0,-1.2,9.4,-0.9,8.0,0.073,55.0,00-0036223
TaylMa02,,,,,,5.4,3.0,5.9,0.0,0.12300000000000001,65.0,00-0040736
TaylTy00,4.2,1.1,1.0,27.0,27.0,,,,,,,00-0028118
TeSlIs00,,,,,,11.5,3.4,13.1,0.0,0.0,27.0,00-0040669
ThieAd00,,,,,,7.5,2.3,8.7,1.0,0.086,35.0,00-0030035
ThieAd00,,,,,,7.4,1.3,7.9,0.0,0.16699999999999998,18.0,00-0030035
ThieAd00,,,,,,7.5,3.1,9.5,1.0,0.0,17.0,00-0030035
ThomBr06,7.0,0.0,0.0,,3.0,11.4,3.3,14.5,2.0,0.11,91.0,00-0039893
ThomDe07,4.0,1.0,0.0,,1.0,2.3,6.7,2.3,0.0,0.0,3.0,00-0037487
ThomIa00,,,,,,3.2,5.5,3.2,0.0,0.0,13.0,00-0034365
ThomRo07,1.0,2.0,0.0,,1.0,,,,,,,00-0037323
ThorDo00,,,,,,9.7,3.8,16.6,0.0,0.1,30.0,00-0040581
ThorTy00,,,,,,19.9,3.1,26.9,0.0,0.081,37.0,00-0038104
ThraJa01,,,,,,6.8,3.9,6.8,0.0,0.0,15.0,00-0039379
TillCe01,,,,,,9.9,3.0,11.6,0.0,0.026000000000000002,39.0,00-0038979
TinsMi00,,,,,,12.5,2.0,14.8,0.0,0.083,24.0,00-0038839
TiptMa00,2.5,2.0,1.0,4.0,4.0,3.5,3.4,8.8,1.0,0.0,17.0,00-0039623
TolbJa00,,,,,,8.7,2.6,12.0,2.0,0.028999999999999998,34.0,00-0037666
TongJa00,,,,,,4.4,4.2,5.1,1.0,0.0,46.0,00-0037112
TonyRo00,,,,,,1.0,0.0,1.0,0.0,0.0,1.0,00-0033757
TourSa00,,,,,,3.0,0.0,10.7,0.0,0.0,3.0,00-0037098
TracTy00,2.5,1.7,5.0,35.2,176.0,-0.7,8.7,0.4,6.0,0.042,48.0,00-0039384
TramAu00,,,,,,14.7,0.7,13.0,0.0,0.1,10.0,00-0036841
TrauAd00,,,,,,4.6,5.2,4.3,3.0,0.043,23.0,00-0036422
TremBr00,,,,,,7.3,4.1,8.7,1.0,0.0,18.0,00-0038840
TremTo00,,,,,,3.1,6.1,4.4,0.0,0.054000000000000006,37.0,00-0037005
TrubMi00,0.2,0.4,0.0,,9.0,,,,,,,00-0033869
TuckSe00,2.8,1.0,5.0,17.2,86.0,-1.9,6.1,-0.9,1.0,0.091,11.0,00-0038951
TuckTr00,3.5,1.1,1.0,11.0,11.0,7.1,5.1,9.4,3.0,0.043,92.0,00-0038563
TuneCl00,2.0,2.6,1.0,5.0,5.0,,,,,,,00-0038582
TurnMa00,,,,,,,,-5.0,0.0,0.0,1.0,00-0034867
TurpKa00,3.3,1.9,2.0,8.5,17.0,7.0,8.2,8.8,1.0,0.105,38.0,00-0037801
TuteBh00,1.7,2.0,5.0,16.6,83.0,-0.1,8.0,0.6,1.0,0.0,14.0,00-0040719
VakiSi00,2.0,2.0,0.0,,1.0,,,,,,,00-0039364
ValdMa00,,,,,,6.6,2.0,12.2,0.0,0.0,29.0,00-0034272
ValdMa00,,,,,,9.0,1.0,11.0,0.0,0.0,8.0,00-0034272
ValdMa00,,,,,,5.6,2.4,12.6,0.0,0.0,21.0,00-0034272
VeleDe00,,,,,,10.4,1.4,11.1,0.0,0.0,39.0,00-0039424
VidaKi00,1.8,2.4,3.0,51.7,155.0,-2.1,10.6,-0.6,3.0,0.091,22.0,00-0039391
WaddJa00,12.5,1.5,0.0,,2.0,10.7,3.6,13.1,4.0,0.04,100.0,00-0036613
WalkDe01,,,,,,18.8,3.8,24.5,0.0,0.125,8.0,00-0039792
WalkJa03,,,,,,13.2,1.3,13.0,0.0,0.1,10.0,00-0040277
WalkKe00,2.8,1.8,23.0,9.6,221.0,-1.8,10.9,-1.1,5.0,0.055999999999999994,36.0,00-0038134
WallDa01,1.0,3.0,0.0,,1.0,8.8,3.0,10.6,0.0,0.0,34.0,00-0031610
WallTy00,,,,,,7.0,4.3,13.4,0.0,0.0,8.0,00-0036630
WardCa00,2.5,1.6,3.0,13.0,39.0,,,,,,,00-0040676
WarrJa01,2.2,2.4,23.0,9.2,211.0,-2.7,11.0,-2.4,9.0,0.022000000000000002,45.0,00-0037228
WarrTy00,0.8,0.5,0.0,,6.0,4.5,6.2,5.4,4.0,0.018000000000000002,112.0,00-0040128
WashCa01,,,,,,13.7,2.0,18.7,0.0,0.071,14.0,00-0039394
WashDa03,,,,,,4.4,7.4,5.4,4.0,0.09300000000000001,43.0,00-0038558
WashMa00,2.6,3.9,3.0,5.7,17.0,1.4,5.5,4.9,5.0,0.015,65.0,00-0039880
WashPa01,-0.7,0.7,0.0,,7.0,10.0,4.6,12.5,5.0,0.07400000000000001,95.0,00-0038606
WashTa00,,,,,,9.7,2.7,24.8,0.0,0.0,5.0,00-0039884
WatkJo00,,,,,,12.5,0.5,14.0,0.0,0.0,3.0,00-0040172
WatsCh00,3.0,0.0,0.0,,1.0,14.1,3.4,17.8,0.0,0.018000000000000002,55.0,00-0038124
WatsJu01,,,,,,5.3,4.7,8.3,0.0,0.0,4.0,00-0034386
WaynJa01,,,,,,8.5,1.5,8.5,0.0,0.0,2.0,00-0038728
WeasTh00,,,,,,12.7,10.5,13.7,0.0,0.0,10.0,00-0040311
WeavXa00,,,,,,6.7,2.9,14.8,0.0,0.0,13.0,00-0039521
WentCa00,2.8,2.4,1.0,11.0,11.0,,,,,,,00-0032950
WestJa01,,,,,,0.0,0.0,6.0,0.0,0.5,2.0,00-0039305
WestNi00,,,,,,5.5,2.5,5.5,1.0,0.15,20.0,00-0036182
WhitBl01,,,,,,1.5,0.5,7.2,0.0,0.0,6.0,00-0038710
WhitJo04,4.0,0.0,0.0,,3.0,4.6,4.9,6.8,1.0,0.08,25.0,00-0039751
WhitRa01,2.8,1.5,9.0,14.7,132.0,-2.8,8.2,-2.3,4.0,0.0,45.0,00-0037256
WhitZa01,1.6,1.1,0.0,,12.0,0.0,6.0,-0.5,0.0,0.0,6.0,00-0038040
WhylJo01,,,,,,3.0,4.2,3.8,0.0,0.0,6.0,00-0038589
WickDo00,4.0,2.0,0.0,,1.0,8.8,2.2,11.2,2.0,0.043,46.0,00-0038393
WileJa00,,,,,,-4.0,8.0,-4.0,0.0,0.0,1.0,00-0039824
WillBr06,,,,,,,,2.0,0.0,0.0,1.0,00-0038643
WillCa03,4.3,0.8,5.0,15.4,77.0,-1.5,12.5,-1.5,0.0,0.0,2.0,00-0039918
WillIs03,9.0,2.3,0.0,,3.0,2.8,4.6,3.4,0.0,0.083,36.0,00-0039451
WillJa10,2.3,2.5,25.0,10.1,252.0,-2.0,5.9,-1.3,0.0,0.0,51.0,00-0036997
WillJa11,1.7,0.3,1.0,6.0,6.0,10.4,6.8,12.6,4.0,0.11800000000000001,102.0,00-0037240
WillJo011,2.8,0.0,0.0,,4.0,,,,,,,00-0040429
WillKe08,3.0,2.0,0.0,,2.0,5.0,0.0,5.0,0.0,0.0,1.0,00-0040534
WillKy02,2.8,2.0,22.0,11.8,259.0,3.5,4.3,2.7,1.0,0.04,50.0,00-0037840
WillKy03,1.5,0.0,0.0,,2.0,13.0,7.9,19.0,0.0,0.048,21.0,00-0040131
WillMa12,4.5,1.0,0.0,,22.0,,,,,,,00-0038128
WillSa01,1.3,2.1,1.0,11.0,11.0,1.7,6.1,1.7,1.0,0.0,10.0,00-0040009
WillTr06,2.1,1.5,0.0,,10.0,-3.5,10.4,-3.8,0.0,0.0,9.0,00-0035291
WillTr06,2.1,1.5,0.0,,10.0,-1.0,1.0,-1.0,0.0,0.0,1.0,00-0035291
WillTr06,2.1,1.5,0.0,,10.0,-3.9,11.7,-4.1,0.0,0.0,8.0,00-0035291
WillTr06,-0.7,0.3,0.0,,3.0,-3.5,10.4,-3.8,0.0,0.0,9.0,00-0035291
WillTr06,-0.7,0.3,0.0,,3.0,-1.0,1.0,-1.0,0.0,0.0,1.0,00-0035291
WillTr06,-0.7,0.3,0.0,,3.0,-3.9,11.7,-4.1,0.0,0.0,8.0,00-0035291
WillTr06,3.3,2.0,0.0,,7.0,-3.5,10.4,-3.8,0.0,0.0,9.0,00-0035291
WillTr06,3.3,2.0,0.0,,7.0,-1.0,1.0,-1.0,0.0,0.0,1.0,00-0035291
WillTr06,3.3,2.0,0.0,,7.0,-3.9,11.7,-4.1,0.0,0.0,8.0,00-0035291
WilsCe01,,,,,,3.8,5.0,7.7,1.0,0.0,9.0,00-0034418
WilsEm00,1.7,2.2,7.0,17.9,125.0,-2.3,8.9,-1.9,2.0,0.059000000000000004,17.0,00-0038797
WilsGa00,,,,,,8.2,2.8,9.1,3.0,0.051,59.0,00-0037740
WilsMi02,,,,,,9.4,3.5,11.9,3.0,0.008,126.0,00-0038559
WilsRo02,,,,,,8.3,5.5,13.2,0.0,0.0,21.0,00-0039739
WilsRu00,5.1,0.8,0.0,,18.0,,,,,,,00-0029263
WilsZa00,0.3,0.0,0.0,,3.0,,,,,,,00-0037013
WinsJa00,1.6,1.7,0.0,,7.0,13.0,20.0,13.0,1.0,0.0,1.0,00-0031503
WoerCh00,,,,,,1.6,4.4,1.3,2.0,0.0,9.0,00-0036429
WoodJe01,,,,,,3.0,1.0,2.0,0.0,0.0,3.0,00-0037755
WortXa00,7.1,0.8,1.0,11.0,11.0,8.1,4.6,12.1,2.0,0.013999999999999999,73.0,00-0039894
WrigBr01,,,,,,1.6,6.1,1.0,0.0,0.0,22.0,00-0036754
WrigJa04,1.6,2.5,6.0,11.7,70.0,-3.2,12.0,-3.1,0.0,0.111,9.0,00-0039874
WrigJa05,2.4,1.6,1.0,5.0,5.0,,,,,,,00-0040067
WrigOw00,2.0,0.0,0.0,,3.0,,,,,,,00-0038458
YankCo00,,,,,,7.0,2.0,6.0,0.0,0.0,3.0,00-0039686
YounBr01,3.3,0.7,2.0,27.0,54.0,,,,,,,00-0039150
YounDa02,,,,,,24.0,0.0,19.0,0.0,0.0,3.0,00-0037093
YuroBe00,,,,,,2.5,4.5,3.7,0.0,0.0,3.0,00-0040509
ZaccOl01,4.3,2.0,0.0,,4.0,4.5,3.5,6.7,1.0,0.077,65.0,00-0035208
ZylsSh00,,,,,,6.0,0.7,7.4,0.0,0.0,5.0,00-0036534
