team,off_play_action_rate,off_screen_rate,off_rpo_rate,off_no_huddle_rate,off_motion_rate,off_out_of_pocket_rate,def_blitz_rate,def_avg_pass_rushers,def_avg_box,def_heavy_box_rate
ARI,0.24399494310998734,0.08217446270543616,0.010113780025284451,0.13400758533501897,0.43994943109987356,0.16561314791403287,0.23636363636363636,4.303030303030303,6.334831460674157,0.05393258426966292
ATL,0.20583468395461912,0.08427876823338736,0.004862236628849271,0.1426256077795786,0.6515397082658023,0.11183144246353323,0.35639097744360904,4.377443609022556,6.5327102803738315,0.08177570093457943
BAL,0.21388367729831145,0.0675422138836773,0.0225140712945591,0.0300187617260788,0.5403377110694184,0.24765478424015008,0.28983516483516486,4.21978021978022,6.593350383631714,0.11508951406649616
BUF,0.249597423510467,0.09339774557165861,0.028985507246376812,0.04508856682769726,0.6312399355877617,0.2689210950080515,0.3118279569892473,4.272401433691757,6.594272076372315,0.09069212410501193
CAR,0.21578099838969403,0.06280193236714976,0.01610305958132045,0.06602254428341385,0.38164251207729466,0.24476650563607086,0.2835314091680815,4.293718166383702,6.473333333333334,0.042222222222222223
CHI,0.31277533039647576,0.09104258443465492,0.011747430249632892,0.06461086637298091,0.5418502202643172,0.3054331864904552,0.2984126984126984,4.368253968253968,6.516129032258065,0.10138248847926268
CIN,0.162534435261708,0.06336088154269973,0.01790633608815427,0.03443526170798898,0.5,0.1418732782369146,0.20970266040688576,4.172143974960877,6.452655889145497,0.07621247113163972
CLE,0.22173274596182085,0.08370044052863436,0.00881057268722467,0.10866372980910426,0.47723935389133626,0.2026431718061674,0.28619528619528617,4.373737373737374,6.764840182648402,0.182648401826484
DAL,0.2564450474898236,0.052917232021709636,0.017639077340569877,0.11533242876526459,0.5848032564450475,0.19131614654002713,0.2709867452135493,4.325478645066274,6.544554455445544,0.07425742574257425
DEN,0.24225352112676057,0.10985915492957747,0.056338028169014086,0.16338028169014085,0.45774647887323944,0.2661971830985915,0.30335570469798656,4.378523489932886,6.31989247311828,0.051075268817204304
DET,0.25076923076923074,0.10307692307692308,0.010769230769230769,0.07384615384615385,0.5876923076923077,0.11076923076923077,0.3284671532846715,4.344525547445255,6.970149253731344,0.1691542288557214
GB,0.26153846153846155,0.07008547008547009,0.023931623931623933,0.1076923076923077,0.5264957264957265,0.20512820512820512,0.24655436447166923,4.248085758039816,6.622270742358078,0.10480349344978165
HOU,0.22844827586206898,0.04741379310344827,0.010057471264367816,0.0603448275862069,0.5100574712643678,0.22126436781609196,0.22171945701357465,4.285067873303167,6.5501355013550135,0.08130081300813008
IND,0.2796875,0.0546875,0.028125,0.0546875,0.546875,0.13125,0.30926430517711173,4.320163487738419,6.518159806295399,0.09927360774818401
JAX,0.2116788321167883,0.07883211678832117,0.01167883211678832,0.09781021897810219,0.5781021897810219,0.19562043795620437,0.3151595744680851,4.285904255319149,6.4324324324324325,0.06606606606606606
KC,0.14850136239782016,0.08719346049046321,0.09128065395095368,0.03814713896457766,0.5,0.2656675749318801,0.3857374392220421,4.437601296596434,6.5318627450980395,0.07352941176470588
LA,0.346969696969697,0.0696969696969697,0.004545454545454545,0.11060606060606061,0.5848484848484848,0.1621212121212121,0.2467718794835007,4.154949784791966,6.299760191846523,0.06235011990407674
LAC,0.22580645161290322,0.056100981767180924,0.012622720897615708,0.047685834502103785,0.49368863955119213,0.2538569424964937,0.248,3.9456,6.379947229551451,0.06596306068601583
LV,0.24132492113564669,0.0804416403785489,0.015772870662460567,0.11987381703470032,0.5504731861198738,0.1608832807570978,0.2289348171701113,4.287758346581876,6.61864406779661,0.0635593220338983
MIA,0.2831541218637993,0.11290322580645161,0.016129032258064516,0.05555555555555555,0.6182795698924731,0.1917562724014337,0.37161084529505584,4.347687400318979,6.7390300230946885,0.14549653579676675
MIN,0.2565789473684211,0.08717105263157894,0.024671052631578948,0.10032894736842106,0.5098684210526315,0.19078947368421054,0.5135623869801085,4.6075949367088604,6.440944881889764,0.08267716535433071
NE,0.23809523809523808,0.043010752688172046,0.004608294930875576,0.03225806451612903,0.522273425499232,0.2519201228878648,0.28115015974440893,4.3370607028754,6.628571428571429,0.1012987012987013
NO,0.18732394366197183,0.05211267605633803,0.015492957746478873,0.21830985915492956,0.604225352112676,0.21549295774647886,0.31534569983136596,4.284991568296796,6.367432150313152,0.033402922755741124
NYG,0.22633136094674555,0.0650887573964497,0.03254437869822485,0.19674556213017752,0.3757396449704142,0.23668639053254437,0.3358208955223881,4.3373134328358205,6.5035799522673035,0.0883054892601432
NYJ,0.17767295597484276,0.07075471698113207,0.01729559748427673,0.10534591194968554,0.639937106918239,0.23270440251572327,0.2975609756097561,4.360975609756098,6.793814432989691,0.1670103092783505
PHI,0.22112211221122113,0.0429042904290429,0.034653465346534656,0.19966996699669967,0.5181518151815182,0.2739273927392739,0.26756352765321373,4.1943198804185355,6.35972850678733,0.03619909502262444
PIT,0.18949044585987262,0.1321656050955414,0.027070063694267517,0.14012738853503184,0.49522292993630573,0.1735668789808917,0.3686382393397524,4.433287482806052,6.677725118483412,0.16113744075829384
SEA,0.25226860254083483,0.05989110707803993,0.0054446460980036296,0.0925589836660617,0.6206896551724138,0.19782214156079855,0.24829467939972716,4.244201909959072,6.277777777777778,0.05026455026455026
SF,0.2252663622526636,0.060882800608828,0.0030441400304414,0.045662100456621,0.7245053272450532,0.1643835616438356,0.23388305847076463,4.262368815592204,6.08955223880597,0.007462686567164179
TB,0.1681159420289855,0.10289855072463767,0.011594202898550725,0.06376811594202898,0.5855072463768116,0.21884057971014492,0.37537091988130566,4.421364985163205,6.653521126760563,0.13802816901408452
TEN,0.19096209912536444,0.11078717201166181,0.04518950437317784,0.12536443148688048,0.4067055393586006,0.20699708454810495,0.25236593059936907,4.250788643533123,6.649382716049383,0.11358024691358025
WAS,0.25283630470016205,0.07941653160453808,0.055105348460291734,0.6742301458670988,0.49270664505672607,0.24959481361426256,0.27617602427921095,4.295902883156297,6.406926406926407,0.023809523809523808
