week,player_id,cluster,player_name,market,strike,side,edge,entry_price,model_prob,market_prob,settled_yes,won,profit_per_unit_stake,profit_abs,stake
3,00-0036912,3|00-0036912,DeVonta Smith,anytime_td,1.0,yes,0.063,0.35,0.408,0.345,0,0,-1.0,-0.35,0.35
3,00-0036912,3|00-0036912,DeVonta Smith,receiving_yards,90.0,yes,0.0913,0.34,0.4113,0.32,0,0,-1.0,-0.34,0.34
3,00-0036912,3|00-0036912,DeVonta Smith,receiving_yards,80.0,yes,0.0625,0.44,0.4725,0.41,0,0,-1.0,-0.44,0.44
3,00-0036912,3|00-0036912,DeVonta Smith,receiving_yards,120.0,yes,0.1292,0.16,0.2642,0.135,0,0,-1.0,-0.16,0.16
3,00-0036912,3|00-0036912,DeVonta Smith,receiving_yards,110.0,yes,0.1173,0.21,0.3073,0.19,0,0,-1.0,-0.21,0.21
3,00-0036912,3|00-0036912,DeVonta Smith,receiving_yards,100.0,yes,0.1112,0.27,0.3562,0.245,0,0,-1.0,-0.27,0.27
3,00-0038555,3|00-0038555,Tank Bigsby,anytime_td,1.0,yes,0.2466,0.12,0.3616,0.115,0,0,-1.0,-0.12,0.12
3,00-0036275,3|00-0036275,D'Andre Swift,anytime_td,1.0,yes,0.1733,0.38,0.5483,0.375,0,0,-1.0,-0.38,0.38
3,00-0036275,3|00-0036275,D'Andre Swift,receiving_yards,25.0,yes,0.1343,0.22,0.3343,0.2,0,0,-1.0,-0.22,0.22
3,00-0036275,3|00-0036275,D'Andre Swift,receiving_yards,15.0,yes,0.1633,0.4,0.5383,0.375,0,0,-1.0,-0.4,0.4
3,00-0040236,3|00-0040236,Kyle Monangai,anytime_td,1.0,yes,0.1102,0.27,0.3752,0.265,0,0,-1.0,-0.27,0.27
3,00-0034844,3|00-0034844,Saquon Barkley,anytime_td,1.0,yes,0.0405,0.5,0.5355,0.495,0,0,-1.0,-0.5,0.5
3,00-0034844,3|00-0034844,Saquon Barkley,receiving_yards,25.0,yes,0.1326,0.27,0.3826,0.25,0,0,-1.0,-0.27,0.27
3,00-0039880,3|00-0039880,Malik Washington,anytime_td,1.0,yes,0.0416,0.22,0.2566,0.215,0,0,-1.0,-0.22,0.22
3,00-0039880,3|00-0039880,Malik Washington,receiving_yards,70.0,yes,0.0754,0.16,0.2304,0.155,0,0,-1.0,-0.16,0.16
3,00-0039880,3|00-0039880,Malik Washington,receiving_yards,60.0,yes,0.0631,0.25,0.2981,0.235,0,0,-1.0,-0.25,0.25
3,00-0039880,3|00-0039880,Malik Washington,receiving_yards,50.0,yes,0.0479,0.35,0.3829,0.335,1,1,1.8571428571428574,0.65,0.35
3,00-0037834,3|00-0037834,Brock Purdy,passing_yards,300.0,yes,0.1407,0.19,0.3207,0.18,0,0,-1.0,-0.19,0.19
3,00-0037834,3|00-0037834,Brock Purdy,passing_yards,275.0,yes,0.1249,0.29,0.4049,0.28,1,1,2.4482758620689657,0.71,0.29
3,00-0037834,3|00-0037834,Brock Purdy,passing_yards,250.0,yes,0.0687,0.43,0.4937,0.425,1,1,1.3255813953488373,0.5700000000000001,0.43
3,00-0037834,3|00-0037834,Brock Purdy,rushing_yards,30.0,yes,0.0586,0.23,0.2836,0.225,1,1,3.3478260869565215,0.77,0.23
3,00-0039163,3|00-0039163,C.J. Stroud,passing_yards,350.0,yes,0.1617,0.06,0.2167,0.055,0,0,-1.0,-0.06,0.06
3,00-0039163,3|00-0039163,C.J. Stroud,passing_yards,325.0,yes,0.1705,0.12,0.2855,0.115,0,0,-1.0,-0.12,0.12
3,00-0039163,3|00-0039163,C.J. Stroud,passing_yards,300.0,yes,0.1882,0.18,0.3632,0.175,0,0,-1.0,-0.18,0.18
3,00-0039163,3|00-0039163,C.J. Stroud,passing_yards,275.0,yes,0.152,0.3,0.447,0.295,0,0,-1.0,-0.3,0.3
3,00-0039163,3|00-0039163,C.J. Stroud,passing_yards,250.0,yes,0.0983,0.44,0.5333,0.435,0,0,-1.0,-0.44,0.44
3,00-0040715,3|00-0040715,Cam Skattebo,receiving_yards,25.0,yes,0.0793,0.23,0.2993,0.22,1,1,3.3478260869565215,0.77,0.23
3,00-0040715,3|00-0040715,Cam Skattebo,receiving_yards,15.0,yes,0.0932,0.42,0.5032,0.41,1,1,1.3809523809523812,0.5800000000000001,0.42
3,00-0039299,3|00-0039299,George Holani,anytime_td,1.0,yes,0.0934,0.16,0.2484,0.155,0,0,-1.0,-0.16,0.16
3,00-0036389,3|00-0036389,Jalen Hurts,passing_yards,275.0,yes,0.0394,0.22,0.2444,0.205,0,0,-1.0,-0.22,0.22
3,00-0033908,3|00-0033908,Cooper Kupp,anytime_td,1.0,yes,0.0811,0.17,0.2461,0.165,1,1,4.88235294117647,0.83,0.17
3,00-0039868,3|00-0039868,Troy Franklin,anytime_td,1.0,yes,0.1765,0.09,0.2615,0.085,0,0,-1.0,-0.09,0.09
3,00-0034869,3|00-0034869,Sam Darnold,rushing_yards,25.0,yes,0.1715,0.1,0.2665,0.095,0,0,-1.0,-0.1,0.1
3,00-0034869,3|00-0034869,Sam Darnold,rushing_yards,20.0,yes,0.1968,0.17,0.3518,0.155,0,0,-1.0,-0.17,0.17
3,00-0040730,3|00-0040730,RJ Harvey,anytime_td,1.0,yes,0.1301,0.23,0.3551,0.225,0,0,-1.0,-0.23,0.23
3,00-0036158,3|00-0036158,J.K. Dobbins,anytime_td,1.0,yes,0.0446,0.35,0.3896,0.345,0,0,-1.0,-0.35,0.35
3,00-0039067,3|00-0039067,Rashee Rice,anytime_td,1.0,yes,0.2075,0.39,0.5925,0.385,0,0,-1.0,-0.39,0.39
3,00-0039067,3|00-0039067,Rashee Rice,receiving_yards,90.0,yes,0.1962,0.13,0.3112,0.115,0,0,-1.0,-0.13,0.13
3,00-0039067,3|00-0039067,Rashee Rice,receiving_yards,80.0,yes,0.2001,0.18,0.3701,0.17,1,1,4.555555555555556,0.8200000000000001,0.18
3,00-0039067,3|00-0039067,Rashee Rice,receiving_yards,70.0,yes,0.1926,0.25,0.4376,0.245,1,1,3.0,0.75,0.25
3,00-0039067,3|00-0039067,Rashee Rice,receiving_yards,60.0,yes,0.1641,0.36,0.5141,0.35,1,1,1.777777777777778,0.64,0.36
3,00-0039067,3|00-0039067,Rashee Rice,receiving_yards,50.0,yes,0.1242,0.48,0.5992,0.475,1,1,1.0833333333333335,0.52,0.48
3,00-0039067,3|00-0039067,Rashee Rice,receiving_yards,40.0,yes,0.1013,0.6,0.6913,0.59,1,1,0.6666666666666667,0.4,0.6
3,00-0039067,3|00-0039067,Rashee Rice,receiving_yards,25.0,yes,0.0596,0.78,0.8346,0.775,1,1,0.282051282051282,0.21999999999999997,0.78
3,00-0039067,3|00-0039067,Rashee Rice,receiving_yards,110.0,yes,0.1673,0.06,0.2173,0.05,0,0,-1.0,-0.06,0.06
3,00-0039067,3|00-0039067,Rashee Rice,receiving_yards,100.0,yes,0.1806,0.09,0.2606,0.08,0,0,-1.0,-0.09,0.09
3,00-0030506,3|00-0030506,Travis Kelce,receiving_yards,90.0,yes,0.2232,0.15,0.3632,0.14,0,0,-1.0,-0.15,0.15
3,00-0030506,3|00-0030506,Travis Kelce,receiving_yards,80.0,yes,0.2088,0.22,0.4238,0.215,0,0,-1.0,-0.22,0.22
3,00-0030506,3|00-0030506,Travis Kelce,receiving_yards,70.0,yes,0.2018,0.3,0.4918,0.29,0,0,-1.0,-0.3,0.3
3,00-0030506,3|00-0030506,Travis Kelce,receiving_yards,60.0,yes,0.1821,0.39,0.5671,0.385,0,0,-1.0,-0.39,0.39
3,00-0030506,3|00-0030506,Travis Kelce,receiving_yards,50.0,yes,0.1536,0.5,0.6486,0.495,1,1,1.0,0.5,0.5
3,00-0030506,3|00-0030506,Travis Kelce,receiving_yards,40.0,yes,0.0795,0.66,0.7345,0.655,1,1,0.515151515151515,0.33999999999999997,0.66
3,00-0030506,3|00-0030506,Travis Kelce,receiving_yards,25.0,yes,0.0383,0.83,0.8633,0.825,1,1,0.20481927710843378,0.17000000000000004,0.83
3,00-0030506,3|00-0030506,Travis Kelce,receiving_yards,100.0,yes,0.2148,0.1,0.3098,0.095,0,0,-1.0,-0.1,0.1
3,00-0039040,3|00-0039040,De'Von Achane,receiving_yards,50.0,yes,0.1558,0.18,0.3308,0.175,0,0,-1.0,-0.18,0.18
3,00-0039040,3|00-0039040,De'Von Achane,receiving_yards,40.0,yes,0.1436,0.3,0.4336,0.29,0,0,-1.0,-0.3,0.3
3,00-0039040,3|00-0039040,De'Von Achane,receiving_yards,25.0,yes,0.0944,0.55,0.6344,0.54,0,0,-1.0,-0.55,0.55
3,00-0039040,3|00-0039040,De'Von Achane,receiving_yards,15.0,yes,0.0701,0.73,0.7951,0.725,0,0,-1.0,-0.73,0.73
3,00-0033881,3|00-0033881,Evan Engram,receiving_yards,40.0,yes,0.048,0.22,0.263,0.215,0,0,-1.0,-0.22,0.22
3,00-0033881,3|00-0033881,Evan Engram,receiving_yards,25.0,yes,0.0496,0.43,0.4646,0.415,0,0,-1.0,-0.43,0.43
3,00-0039391,3|00-0039391,Kimani Vidal,anytime_td,1.0,yes,0.3145,0.07,0.3795,0.065,0,0,-1.0,-0.07,0.07
3,00-0039793,3|00-0039793,AJ Barner,anytime_td,1.0,yes,0.0387,0.22,0.2537,0.215,0,0,-1.0,-0.22,0.22
3,00-0038543,3|00-0038543,Jaxon Smith-Njigba,receiving_yards,150.0,yes,0.1083,0.12,0.2233,0.115,0,0,-1.0,-0.12,0.12
3,00-0038543,3|00-0038543,Jaxon Smith-Njigba,receiving_yards,140.0,yes,0.0963,0.17,0.2563,0.16,0,0,-1.0,-0.17,0.17
3,00-0038543,3|00-0038543,Jaxon Smith-Njigba,receiving_yards,130.0,yes,0.0685,0.23,0.2935,0.225,0,0,-1.0,-0.23,0.23
3,00-0038543,3|00-0038543,Jaxon Smith-Njigba,receiving_yards,120.0,yes,0.0501,0.29,0.3351,0.285,1,1,2.4482758620689657,0.71,0.29
3,00-0038543,3|00-0038543,Jaxon Smith-Njigba,receiving_yards,110.0,yes,0.0413,0.35,0.3813,0.34,1,1,1.8571428571428574,0.65,0.35
3,00-0038797,3|00-0038797,Emanuel Wilson,anytime_td,1.0,yes,0.1685,0.27,0.4335,0.265,0,0,-1.0,-0.27,0.27
3,00-0038797,3|00-0038797,Emanuel Wilson,rushing_yards,80.0,yes,0.1611,0.07,0.2211,0.06,0,0,-1.0,-0.07,0.07
3,00-0038797,3|00-0038797,Emanuel Wilson,rushing_yards,70.0,yes,0.1768,0.1,0.2718,0.095,0,0,-1.0,-0.1,0.1
3,00-0038797,3|00-0038797,Emanuel Wilson,rushing_yards,60.0,yes,0.1986,0.14,0.3336,0.135,0,0,-1.0,-0.14,0.14
3,00-0038797,3|00-0038797,Emanuel Wilson,rushing_yards,50.0,yes,0.1935,0.22,0.4085,0.215,0,0,-1.0,-0.22,0.22
3,00-0038797,3|00-0038797,Emanuel Wilson,rushing_yards,40.0,yes,0.1585,0.35,0.4985,0.34,0,0,-1.0,-0.35,0.35
3,00-0038797,3|00-0038797,Emanuel Wilson,rushing_yards,30.0,yes,0.1057,0.51,0.6057,0.5,0,0,-1.0,-0.51,0.51
3,00-0038797,3|00-0038797,Emanuel Wilson,rushing_yards,25.0,yes,0.0811,0.59,0.6661,0.585,0,0,-1.0,-0.59,0.59
3,00-0038797,3|00-0038797,Emanuel Wilson,rushing_yards,20.0,yes,0.061,0.68,0.731,0.67,0,0,-1.0,-0.68,0.68
3,00-0040128,3|00-0040128,Tyler Warren,anytime_td,1.0,yes,0.0499,0.28,0.3249,0.275,0,0,-1.0,-0.28,0.28
3,00-0036223,3|00-0036223,Jonathan Taylor,anytime_td,1.0,yes,0.0983,0.56,0.6533,0.555,0,0,-1.0,-0.56,0.56
3,00-0040583,3|00-0040583,Woody Marks,anytime_td,1.0,yes,0.0833,0.26,0.3383,0.255,1,1,2.846153846153846,0.74,0.26
3,00-0040583,3|00-0040583,Woody Marks,rushing_yards,50.0,yes,0.0639,0.18,0.2389,0.175,0,0,-1.0,-0.18,0.18
3,00-0040583,3|00-0040583,Woody Marks,rushing_yards,40.0,yes,0.0411,0.3,0.3311,0.29,0,0,-1.0,-0.3,0.3
3,00-0035640,3|00-0035640,DK Metcalf,receiving_yards,90.0,yes,0.0452,0.17,0.2002,0.155,0,0,-1.0,-0.17,0.17
3,00-0036555,3|00-0036555,Chuba Hubbard,anytime_td,1.0,yes,0.0469,0.5,0.5419,0.495,0,0,-1.0,-0.5,0.5
3,00-0040784,3|00-0040784,Quinshon Judkins,receiving_yards,25.0,yes,0.098,0.27,0.363,0.265,0,0,-1.0,-0.27,0.27
3,00-0040784,3|00-0040784,Quinshon Judkins,receiving_yards,15.0,yes,0.0818,0.49,0.5668,0.485,0,0,-1.0,-0.49,0.49
3,00-0031503,3|00-0031503,Jameis Winston,passing_yards,200.0,yes,0.0788,0.5,0.5738,0.495,0,0,-1.0,-0.5,0.5
3,00-0034837,3|00-0034837,Calvin Ridley,receiving_yards,40.0,yes,0.168,0.16,0.313,0.145,0,0,-1.0,-0.16,0.16
3,00-0034837,3|00-0034837,Calvin Ridley,receiving_yards,25.0,yes,0.2204,0.31,0.5154,0.295,0,0,-1.0,-0.31,0.31
3,00-0034837,3|00-0034837,Calvin Ridley,receiving_yards,15.0,yes,0.209,0.48,0.684,0.475,0,0,-1.0,-0.48,0.48
3,00-0040170,3|00-0040170,Elic Ayomanor,anytime_td,1.0,yes,0.1137,0.13,0.2387,0.125,0,0,-1.0,-0.13,0.13
3,00-0040170,3|00-0040170,Elic Ayomanor,receiving_yards,50.0,yes,0.2505,0.09,0.3305,0.08,0,0,-1.0,-0.09,0.09
3,00-0040170,3|00-0040170,Elic Ayomanor,receiving_yards,40.0,yes,0.2685,0.17,0.4335,0.165,0,0,-1.0,-0.17,0.17
3,00-0040170,3|00-0040170,Elic Ayomanor,receiving_yards,25.0,yes,0.3165,0.32,0.6315,0.315,0,0,-1.0,-0.32,0.32
3,00-0040170,3|00-0040170,Elic Ayomanor,receiving_yards,15.0,yes,0.3001,0.49,0.7851,0.485,0,0,-1.0,-0.49,0.49
3,00-0038117,3|00-0038117,Wan'Dale Robinson,receiving_yards,70.0,yes,0.1516,0.1,0.2416,0.09,0,0,-1.0,-0.1,0.1
3,00-0038117,3|00-0038117,Wan'Dale Robinson,receiving_yards,60.0,yes,0.1481,0.17,0.3031,0.155,0,0,-1.0,-0.17,0.17
3,00-0038117,3|00-0038117,Wan'Dale Robinson,receiving_yards,50.0,yes,0.1239,0.26,0.3789,0.255,1,1,2.846153846153846,0.74,0.26
3,00-0038117,3|00-0038117,Wan'Dale Robinson,receiving_yards,40.0,yes,0.1216,0.36,0.4716,0.35,1,1,1.777777777777778,0.64,0.36
3,00-0038117,3|00-0038117,Wan'Dale Robinson,receiving_yards,25.0,yes,0.0418,0.61,0.6468,0.605,1,1,0.639344262295082,0.39,0.61
3,00-0040705,3|00-0040705,Chimere Dike,anytime_td,1.0,yes,0.1454,0.07,0.2104,0.065,0,0,-1.0,-0.07,0.07
3,00-0032268,3|00-0032268,Marcus Mariota,passing_yards,225.0,yes,0.0949,0.2,0.2849,0.19,0,0,-1.0,-0.2,0.2
3,00-0032268,3|00-0032268,Marcus Mariota,passing_yards,200.0,yes,0.0787,0.32,0.3937,0.315,0,0,-1.0,-0.32,0.32
3,00-0032268,3|00-0032268,Marcus Mariota,passing_yards,175.0,yes,0.0466,0.47,0.5116,0.465,1,1,1.1276595744680853,0.53,0.47
3,00-0037256,3|00-0037256,Rachaad White,anytime_td,1.0,yes,0.057,0.2,0.252,0.195,1,1,4.0,0.8,0.2
3,00-0035710,3|00-0035710,Daniel Jones,passing_yards,275.0,yes,0.0397,0.18,0.2097,0.17,0,0,-1.0,-0.18,0.18
3,00-0039919,3|00-0039919,Rome Odunze,anytime_td,1.0,yes,0.1218,0.18,0.2968,0.175,0,0,-1.0,-0.18,0.18
3,00-0039919,3|00-0039919,Rome Odunze,receiving_yards,90.0,yes,0.1739,0.05,0.2089,0.035,0,0,-1.0,-0.05,0.05
3,00-0039919,3|00-0039919,Rome Odunze,receiving_yards,50.0,yes,0.2903,0.22,0.4853,0.195,0,0,-1.0,-0.22,0.22
3,00-0039919,3|00-0039919,Rome Odunze,receiving_yards,40.0,yes,0.2769,0.33,0.5869,0.31,1,1,2.03030303030303,0.6699999999999999,0.33
3,00-0039919,3|00-0039919,Rome Odunze,receiving_yards,25.0,yes,0.2246,0.54,0.7596,0.535,1,1,0.8518518518518517,0.45999999999999996,0.54
3,00-0039919,3|00-0039919,Rome Odunze,receiving_yards,15.0,yes,0.2021,0.7,0.8771,0.675,1,1,0.42857142857142866,0.30000000000000004,0.7
3,00-0036290,3|00-0036290,Cole Kmet,receiving_yards,10.0,yes,0.1458,0.51,0.6408,0.495,0,0,-1.0,-0.51,0.51
3,00-0040676,3|00-0040676,Cam Ward,passing_yards,250.0,yes,0.0936,0.13,0.2186,0.125,0,0,-1.0,-0.13,0.13
3,00-0040676,3|00-0040676,Cam Ward,passing_yards,225.0,yes,0.0984,0.22,0.3134,0.215,0,0,-1.0,-0.22,0.22
3,00-0040676,3|00-0040676,Cam Ward,passing_yards,200.0,yes,0.0575,0.37,0.4225,0.365,0,0,-1.0,-0.37,0.37
3,00-0036309,3|00-0036309,Darnell Mooney,receiving_yards,50.0,yes,0.1143,0.13,0.2393,0.125,0,0,-1.0,-0.13,0.13
3,00-0036309,3|00-0036309,Darnell Mooney,receiving_yards,40.0,yes,0.131,0.2,0.326,0.195,0,0,-1.0,-0.2,0.2
3,00-0036309,3|00-0036309,Darnell Mooney,receiving_yards,25.0,yes,0.1273,0.39,0.5073,0.38,0,0,-1.0,-0.39,0.39
3,00-0036309,3|00-0036309,Darnell Mooney,receiving_yards,15.0,yes,0.1298,0.54,0.6648,0.535,1,1,0.8518518518518517,0.45999999999999996,0.54
3,00-0036259,3|00-0036259,Jauan Jennings,anytime_td,1.0,yes,0.1332,0.13,0.2582,0.125,0,0,-1.0,-0.13,0.13
3,00-0036259,3|00-0036259,Jauan Jennings,receiving_yards,25.0,yes,0.06,0.31,0.365,0.305,0,0,-1.0,-0.31,0.31
3,00-0036259,3|00-0036259,Jauan Jennings,receiving_yards,15.0,yes,0.0407,0.51,0.5457,0.505,0,0,-1.0,-0.51,0.51
3,00-0038041,3|00-0038041,Jake Ferguson,anytime_td,1.0,yes,0.0504,0.26,0.3054,0.255,1,1,2.846153846153846,0.74,0.26
3,00-0038041,3|00-0038041,Jake Ferguson,receiving_yards,50.0,yes,0.0577,0.18,0.2327,0.175,0,0,-1.0,-0.18,0.18
3,00-0038041,3|00-0038041,Jake Ferguson,receiving_yards,40.0,yes,0.0424,0.29,0.3274,0.285,0,0,-1.0,-0.29,0.29
3,00-0039901,3|00-0039901,Keon Coleman,anytime_td,1.0,yes,0.1465,0.19,0.3315,0.185,0,0,-1.0,-0.19,0.19
3,00-0039738,3|00-0039738,Blake Corum,anytime_td,1.0,yes,0.0364,0.26,0.2914,0.255,0,0,-1.0,-0.26,0.26
3,00-0037840,3|00-0037840,Kyren Williams,anytime_td,1.0,yes,0.0599,0.51,0.5649,0.505,0,0,-1.0,-0.51,0.51
3,00-0037840,3|00-0037840,Kyren Williams,rushing_yards,90.0,yes,0.0584,0.16,0.2084,0.15,0,0,-1.0,-0.16,0.16
3,00-0029604,3|00-0029604,Kirk Cousins,rushing_yards,10.0,yes,0.1192,0.21,0.3192,0.2,0,0,-1.0,-0.21,0.21
3,00-0026498,3|00-0026498,Matthew Stafford,rushing_yards,15.0,yes,0.1671,0.07,0.2321,0.065,0,0,-1.0,-0.07,0.07
3,00-0026498,3|00-0026498,Matthew Stafford,rushing_yards,10.0,yes,0.2331,0.15,0.3731,0.14,1,1,5.666666666666667,0.85,0.15
3,00-0039732,3|00-0039732,Bo Nix,passing_yards,275.0,yes,0.0655,0.19,0.2505,0.185,0,0,-1.0,-0.19,0.19
3,00-0039732,3|00-0039732,Bo Nix,passing_yards,250.0,yes,0.0645,0.28,0.3395,0.275,0,0,-1.0,-0.28,0.28
3,00-0036997,3|00-0036997,Javonte Williams,anytime_td,1.0,yes,0.1046,0.57,0.6696,0.565,1,1,0.7543859649122808,0.43000000000000005,0.57
3,00-0036997,3|00-0036997,Javonte Williams,receiving_yards,25.0,yes,0.071,0.27,0.331,0.26,0,0,-1.0,-0.27,0.27
3,00-0036997,3|00-0036997,Javonte Williams,receiving_yards,15.0,yes,0.0618,0.48,0.5368,0.475,0,0,-1.0,-0.48,0.48
3,00-0037247,3|00-0037247,George Pickens,receiving_yards,90.0,yes,0.0752,0.28,0.3452,0.27,0,0,-1.0,-0.28,0.28
3,00-0037247,3|00-0037247,George Pickens,receiving_yards,80.0,yes,0.0604,0.35,0.4054,0.345,1,1,1.8571428571428574,0.65,0.35
3,00-0037247,3|00-0037247,George Pickens,receiving_yards,120.0,yes,0.0979,0.12,0.2079,0.11,0,0,-1.0,-0.12,0.12
3,00-0037247,3|00-0037247,George Pickens,receiving_yards,100.0,yes,0.0876,0.21,0.2926,0.205,0,0,-1.0,-0.21,0.21
3,00-0033077,3|00-0033077,Dak Prescott,passing_yards,375.0,yes,0.1915,0.07,0.2565,0.065,0,0,-1.0,-0.07,0.07
3,00-0033077,3|00-0033077,Dak Prescott,passing_yards,350.0,yes,0.2186,0.11,0.3236,0.105,0,0,-1.0,-0.11,0.11
3,00-0033077,3|00-0033077,Dak Prescott,passing_yards,325.0,yes,0.2019,0.2,0.3969,0.195,0,0,-1.0,-0.2,0.2
3,00-0033077,3|00-0033077,Dak Prescott,passing_yards,300.0,yes,0.1692,0.31,0.4742,0.305,0,0,-1.0,-0.31,0.31
3,00-0033077,3|00-0033077,Dak Prescott,passing_yards,275.0,yes,0.1174,0.44,0.5524,0.435,1,1,1.272727272727273,0.56,0.44
3,00-0033077,3|00-0033077,Dak Prescott,passing_yards,250.0,yes,0.0436,0.59,0.6286,0.585,1,1,0.6949152542372882,0.41000000000000003,0.59
3,00-0036358,3|00-0036358,CeeDee Lamb,receiving_yards,90.0,yes,0.0652,0.42,0.4802,0.415,1,1,1.3809523809523812,0.5800000000000001,0.42
3,00-0036358,3|00-0036358,CeeDee Lamb,receiving_yards,150.0,yes,0.1418,0.09,0.2168,0.075,0,0,-1.0,-0.09,0.09
3,00-0036358,3|00-0036358,CeeDee Lamb,receiving_yards,120.0,yes,0.1274,0.21,0.3274,0.2,0,0,-1.0,-0.21,0.21
3,00-0036358,3|00-0036358,CeeDee Lamb,receiving_yards,100.0,yes,0.0893,0.34,0.4243,0.335,1,1,1.9411764705882348,0.6599999999999999,0.34
3,00-0034753,3|00-0034753,Mark Andrews,receiving_yards,80.0,yes,0.1106,0.14,0.2456,0.135,0,0,-1.0,-0.14,0.14
3,00-0034753,3|00-0034753,Mark Andrews,receiving_yards,70.0,yes,0.1216,0.19,0.3066,0.185,0,0,-1.0,-0.19,0.19
3,00-0034753,3|00-0034753,Mark Andrews,receiving_yards,60.0,yes,0.1255,0.26,0.3805,0.255,0,0,-1.0,-0.26,0.26
3,00-0034753,3|00-0034753,Mark Andrews,receiving_yards,50.0,yes,0.1034,0.37,0.4684,0.365,0,0,-1.0,-0.37,0.37
3,00-0034753,3|00-0034753,Mark Andrews,receiving_yards,40.0,yes,0.076,0.5,0.571,0.495,0,0,-1.0,-0.5,0.5
3,00-0034753,3|00-0034753,Mark Andrews,receiving_yards,25.0,yes,0.0582,0.7,0.7482,0.69,0,0,-1.0,-0.7,0.7
3,00-0034753,3|00-0034753,Mark Andrews,receiving_yards,15.0,yes,0.0463,0.84,0.8713,0.825,1,1,0.19047619047619052,0.16000000000000003,0.84
3,00-0034796,3|00-0034796,Lamar Jackson,passing_yards,325.0,yes,0.1497,0.13,0.2647,0.115,0,0,-1.0,-0.13,0.13
3,00-0034796,3|00-0034796,Lamar Jackson,passing_yards,300.0,yes,0.1416,0.21,0.3416,0.2,0,0,-1.0,-0.21,0.21
3,00-0034796,3|00-0034796,Lamar Jackson,passing_yards,275.0,yes,0.1158,0.32,0.4258,0.31,0,0,-1.0,-0.32,0.32
3,00-0034796,3|00-0034796,Lamar Jackson,passing_yards,250.0,yes,0.0734,0.45,0.5134,0.44,0,0,-1.0,-0.45,0.45
3,00-0034975,3|00-0034975,Justice Hill,receiving_yards,15.0,yes,0.0597,0.45,0.5047,0.445,0,0,-1.0,-0.45,0.45
3,00-0032764,3|00-0032764,Derrick Henry,anytime_td,1.0,yes,0.084,0.67,0.749,0.665,1,1,0.49253731343283574,0.32999999999999996,0.67
3,00-0032764,3|00-0032764,Derrick Henry,receiving_yards,25.0,yes,0.0749,0.23,0.2949,0.22,0,0,-1.0,-0.23,0.23
3,00-0032764,3|00-0032764,Derrick Henry,receiving_yards,15.0,yes,0.1218,0.39,0.4968,0.375,0,0,-1.0,-0.39,0.39
3,00-0032764,3|00-0032764,Derrick Henry,receiving_yards,10.0,yes,0.1129,0.52,0.6229,0.51,0,0,-1.0,-0.52,0.52
3,00-0032764,3|00-0032764,Derrick Henry,rushing_yards,170.0,yes,0.1538,0.08,0.2238,0.07,0,0,-1.0,-0.08,0.08
3,00-0032764,3|00-0032764,Derrick Henry,rushing_yards,160.0,yes,0.1675,0.1,0.2525,0.085,0,0,-1.0,-0.1,0.1
3,00-0032764,3|00-0032764,Derrick Henry,rushing_yards,150.0,yes,0.1694,0.12,0.2844,0.115,0,0,-1.0,-0.12,0.12
3,00-0032764,3|00-0032764,Derrick Henry,rushing_yards,140.0,yes,0.1595,0.17,0.3195,0.16,0,0,-1.0,-0.17,0.17
3,00-0032764,3|00-0032764,Derrick Henry,rushing_yards,130.0,yes,0.1532,0.22,0.3582,0.205,0,0,-1.0,-0.22,0.22
3,00-0032764,3|00-0032764,Derrick Henry,rushing_yards,120.0,yes,0.1306,0.28,0.4006,0.27,0,0,-1.0,-0.28,0.28
3,00-0032764,3|00-0032764,Derrick Henry,rushing_yards,110.0,yes,0.1217,0.33,0.4467,0.325,0,0,-1.0,-0.33,0.33
3,00-0032764,3|00-0032764,Derrick Henry,rushing_yards,100.0,yes,0.0966,0.41,0.4966,0.4,0,0,-1.0,-0.41,0.41
3,00-0036973,3|00-0036973,Travis Etienne,receiving_yards,25.0,yes,0.0876,0.2,0.2776,0.19,0,0,-1.0,-0.2,0.2
3,00-0036973,3|00-0036973,Travis Etienne,receiving_yards,15.0,yes,0.0896,0.38,0.4596,0.37,0,0,-1.0,-0.38,0.38
3,00-0036040,3|00-0036040,Juwan Johnson,receiving_yards,60.0,yes,0.0462,0.22,0.2562,0.21,0,0,-1.0,-0.22,0.22
3,00-0039424,3|00-0039424,Devaughn Vele,anytime_td,1.0,yes,0.0352,0.23,0.2602,0.225,0,0,-1.0,-0.23,0.23
3,00-0037239,3|00-0037239,Chris Olave,receiving_yards,90.0,yes,0.0492,0.38,0.4192,0.37,1,1,1.631578947368421,0.62,0.38
3,00-0037239,3|00-0037239,Chris Olave,receiving_yards,130.0,yes,0.103,0.14,0.233,0.13,0,0,-1.0,-0.14,0.14
3,00-0037239,3|00-0037239,Chris Olave,receiving_yards,120.0,yes,0.1063,0.17,0.2713,0.165,0,0,-1.0,-0.17,0.17
3,00-0037239,3|00-0037239,Chris Olave,receiving_yards,110.0,yes,0.0848,0.24,0.3148,0.23,0,0,-1.0,-0.24,0.24
3,00-0037239,3|00-0037239,Chris Olave,receiving_yards,100.0,yes,0.059,0.31,0.364,0.305,1,1,2.225806451612903,0.69,0.31
3,00-0038563,3|00-0038563,Tre Tucker,anytime_td,1.0,yes,0.0868,0.23,0.3068,0.22,0,0,-1.0,-0.23,0.23
3,00-0038563,3|00-0038563,Tre Tucker,receiving_yards,90.0,yes,0.1099,0.12,0.2199,0.11,0,0,-1.0,-0.12,0.12
3,00-0038563,3|00-0038563,Tre Tucker,receiving_yards,80.0,yes,0.1124,0.17,0.2724,0.16,0,0,-1.0,-0.17,0.17
3,00-0038563,3|00-0038563,Tre Tucker,receiving_yards,70.0,yes,0.1207,0.22,0.3357,0.215,0,0,-1.0,-0.22,0.22
3,00-0038563,3|00-0038563,Tre Tucker,receiving_yards,60.0,yes,0.1009,0.32,0.4109,0.31,0,0,-1.0,-0.32,0.32
3,00-0038563,3|00-0038563,Tre Tucker,receiving_yards,50.0,yes,0.089,0.42,0.499,0.41,0,0,-1.0,-0.42,0.42
3,00-0038563,3|00-0038563,Tre Tucker,receiving_yards,40.0,yes,0.0697,0.54,0.5997,0.53,1,1,0.8518518518518517,0.45999999999999996,0.54
3,00-0038563,3|00-0038563,Tre Tucker,receiving_yards,25.0,yes,0.0589,0.72,0.7689,0.71,1,1,0.38888888888888895,0.28,0.72
3,00-0038563,3|00-0038563,Tre Tucker,receiving_yards,15.0,yes,0.0373,0.86,0.8823,0.845,1,1,0.16279069767441862,0.14,0.86
3,00-0039066,3|00-0039066,Michael Mayer,anytime_td,1.0,yes,0.0391,0.2,0.2341,0.195,1,1,4.0,0.8,0.2
3,00-0039066,3|00-0039066,Michael Mayer,receiving_yards,15.0,yes,0.1059,0.6,0.7009,0.595,1,1,0.6666666666666667,0.4,0.6
3,00-0037291,3|00-0037291,Jalen Nailor,anytime_td,1.0,yes,0.092,0.15,0.237,0.145,0,0,-1.0,-0.15,0.15
3,00-0040122,3|00-0040122,Ashton Jeanty,anytime_td,1.0,yes,0.112,0.49,0.597,0.485,0,0,-1.0,-0.49,0.49
3,00-0040122,3|00-0040122,Ashton Jeanty,receiving_yards,40.0,yes,0.1043,0.23,0.3193,0.215,0,0,-1.0,-0.23,0.23
3,00-0040122,3|00-0040122,Ashton Jeanty,receiving_yards,25.0,yes,0.0747,0.46,0.5247,0.45,1,1,1.173913043478261,0.54,0.46
3,00-0040122,3|00-0040122,Ashton Jeanty,receiving_yards,15.0,yes,0.0614,0.66,0.7114,0.65,1,1,0.515151515151515,0.33999999999999997,0.66
3,00-0036919,3|00-0036919,Kenny Gainwell,anytime_td,1.0,yes,0.1972,0.22,0.4122,0.215,0,0,-1.0,-0.22,0.22
3,00-0036919,3|00-0036919,Kenny Gainwell,receiving_yards,25.0,yes,0.1002,0.19,0.2802,0.18,0,0,-1.0,-0.19,0.19
3,00-0036919,3|00-0036919,Kenny Gainwell,receiving_yards,15.0,yes,0.0871,0.38,0.4621,0.375,0,0,-1.0,-0.38,0.38
3,00-0038129,3|00-0038129,Cade Otton,receiving_yards,50.0,yes,0.0758,0.2,0.2658,0.19,1,1,4.0,0.8,0.2
3,00-0038129,3|00-0038129,Cade Otton,receiving_yards,40.0,yes,0.0642,0.31,0.3642,0.3,1,1,2.225806451612903,0.69,0.31
3,00-0039361,3|00-0039361,Bucky Irving,receiving_yards,25.0,yes,0.1276,0.31,0.4276,0.3,0,0,-1.0,-0.31,0.31
3,00-0039361,3|00-0039361,Bucky Irving,receiving_yards,15.0,yes,0.0928,0.54,0.6278,0.535,0,0,-1.0,-0.54,0.54
3,00-0035249,3|00-0035249,Josh Oliver,receiving_yards,15.0,yes,0.0388,0.42,0.4438,0.405,0,0,-1.0,-0.42,0.42
3,00-0033293,3|00-0033293,Aaron Jones,receiving_yards,25.0,yes,0.0567,0.27,0.3167,0.26,1,1,2.7037037037037033,0.73,0.27
3,00-0033293,3|00-0033293,Aaron Jones,receiving_yards,15.0,yes,0.0824,0.45,0.5224,0.44,1,1,1.2222222222222223,0.55,0.45
3,00-0038558,3|00-0038558,Darnell Washington,receiving_yards,40.0,yes,0.0981,0.13,0.2231,0.125,1,1,6.692307692307692,0.87,0.13
3,00-0038558,3|00-0038558,Darnell Washington,receiving_yards,25.0,yes,0.1205,0.31,0.4205,0.3,1,1,2.225806451612903,0.69,0.31
3,00-0038558,3|00-0038558,Darnell Washington,receiving_yards,15.0,yes,0.1294,0.49,0.6144,0.485,1,1,1.0408163265306123,0.51,0.49
3,00-0036410,3|00-0036410,Tee Higgins,receiving_yards,90.0,yes,0.0562,0.19,0.2412,0.185,1,1,4.2631578947368425,0.81,0.19
3,00-0036410,3|00-0036410,Tee Higgins,receiving_yards,80.0,yes,0.0406,0.26,0.2956,0.255,1,1,2.846153846153846,0.74,0.26
3,00-0034829,3|00-0034829,Mike Gesicki,anytime_td,1.0,yes,0.1295,0.17,0.2945,0.165,1,1,4.88235294117647,0.83,0.17
3,00-0034829,3|00-0034829,Mike Gesicki,receiving_yards,60.0,yes,0.1771,0.1,0.2621,0.085,0,0,-1.0,-0.1,0.1
3,00-0034829,3|00-0034829,Mike Gesicki,receiving_yards,50.0,yes,0.1842,0.17,0.3442,0.16,0,0,-1.0,-0.17,0.17
3,00-0034829,3|00-0034829,Mike Gesicki,receiving_yards,40.0,yes,0.2075,0.25,0.4475,0.24,0,0,-1.0,-0.25,0.25
3,00-0034829,3|00-0034829,Mike Gesicki,receiving_yards,25.0,yes,0.1609,0.49,0.6459,0.485,1,1,1.0408163265306123,0.51,0.49
3,00-0034829,3|00-0034829,Mike Gesicki,receiving_yards,15.0,yes,0.1258,0.69,0.8008,0.675,1,1,0.4492753623188407,0.31000000000000005,0.69
3,00-0036442,3|00-0036442,Joe Burrow,rushing_yards,15.0,yes,0.0453,0.21,0.2503,0.205,0,0,-1.0,-0.21,0.21
3,00-0036442,3|00-0036442,Joe Burrow,rushing_yards,10.0,yes,0.0595,0.34,0.3945,0.335,1,1,1.9411764705882348,0.6599999999999999,0.34
3,00-0038597,3|00-0038597,Chase Brown,anytime_td,1.0,yes,0.0768,0.49,0.5618,0.485,0,0,-1.0,-0.49,0.49
3,00-0038597,3|00-0038597,Chase Brown,rushing_yards,100.0,yes,0.045,0.16,0.2,0.155,0,0,-1.0,-0.16,0.16
3,00-0033288,3|00-0033288,George Kittle,receiving_yards,110.0,yes,0.1835,0.06,0.2335,0.05,0,0,-1.0,-0.06,0.06
3,00-0033288,3|00-0033288,George Kittle,receiving_yards,100.0,yes,0.2131,0.07,0.2781,0.065,0,0,-1.0,-0.07,0.07
3,00-0033288,3|00-0033288,George Kittle,receiving_yards,90.0,yes,0.2249,0.11,0.3299,0.105,0,0,-1.0,-0.11,0.11
3,00-0033288,3|00-0033288,George Kittle,receiving_yards,80.0,yes,0.2345,0.16,0.3895,0.155,1,1,5.25,0.84,0.16
3,00-0033288,3|00-0033288,George Kittle,receiving_yards,70.0,yes,0.2274,0.24,0.4574,0.23,1,1,3.166666666666667,0.76,0.24
3,00-0033288,3|00-0033288,George Kittle,receiving_yards,60.0,yes,0.2185,0.32,0.5335,0.315,1,1,2.1249999999999996,0.6799999999999999,0.32
3,00-0033288,3|00-0033288,George Kittle,receiving_yards,50.0,yes,0.1774,0.45,0.6174,0.44,1,1,1.2222222222222223,0.55,0.45
3,00-0033288,3|00-0033288,George Kittle,receiving_yards,40.0,yes,0.1322,0.58,0.7072,0.575,1,1,0.7241379310344829,0.42000000000000004,0.58
3,00-0033288,3|00-0033288,George Kittle,receiving_yards,25.0,yes,0.09,0.77,0.845,0.755,1,1,0.2987012987012987,0.22999999999999998,0.77
3,00-0033288,3|00-0033288,George Kittle,receiving_yards,15.0,yes,0.0479,0.89,0.9279,0.88,1,1,0.12359550561797751,0.10999999999999999,0.89
3,00-0033280,3|00-0033280,Christian McCaffrey,anytime_td,2.0,yes,0.0488,0.29,0.3338,0.285,0,0,-1.0,-0.29,0.29
3,00-0033280,3|00-0033280,Christian McCaffrey,anytime_td,1.0,yes,0.1338,0.67,0.7988,0.665,1,1,0.49253731343283574,0.32999999999999996,0.67
3,00-0033280,3|00-0033280,Christian McCaffrey,receiving_yards,70.0,yes,0.1725,0.16,0.3175,0.145,0,0,-1.0,-0.16,0.16
3,00-0033280,3|00-0033280,Christian McCaffrey,receiving_yards,60.0,yes,0.1669,0.24,0.3919,0.225,0,0,-1.0,-0.24,0.24
3,00-0033280,3|00-0033280,Christian McCaffrey,receiving_yards,50.0,yes,0.14,0.35,0.48,0.34,0,0,-1.0,-0.35,0.35
3,00-0033280,3|00-0033280,Christian McCaffrey,receiving_yards,40.0,yes,0.1071,0.48,0.5821,0.475,1,1,1.0833333333333335,0.52,0.48
3,00-0033280,3|00-0033280,Christian McCaffrey,receiving_yards,25.0,yes,0.047,0.72,0.757,0.71,1,1,0.38888888888888895,0.28,0.72
3,00-0033280,3|00-0033280,Christian McCaffrey,rushing_yards,90.0,yes,0.2182,0.17,0.3782,0.16,0,0,-1.0,-0.17,0.17
3,00-0033280,3|00-0033280,Christian McCaffrey,rushing_yards,80.0,yes,0.2073,0.24,0.4373,0.23,0,0,-1.0,-0.24,0.24
3,00-0033280,3|00-0033280,Christian McCaffrey,rushing_yards,70.0,yes,0.1683,0.34,0.5033,0.335,1,1,1.9411764705882348,0.6599999999999999,0.34
3,00-0033280,3|00-0033280,Christian McCaffrey,rushing_yards,60.0,yes,0.1209,0.46,0.5759,0.455,1,1,1.173913043478261,0.54,0.46
3,00-0033280,3|00-0033280,Christian McCaffrey,rushing_yards,55.0,yes,0.0895,0.54,0.6145,0.525,1,1,0.8518518518518517,0.45999999999999996,0.54
3,00-0033280,3|00-0033280,Christian McCaffrey,rushing_yards,50.0,yes,0.0694,0.59,0.6544,0.585,1,1,0.6949152542372882,0.41000000000000003,0.59
3,00-0033280,3|00-0033280,Christian McCaffrey,rushing_yards,120.0,yes,0.1842,0.06,0.2392,0.055,0,0,-1.0,-0.06,0.06
3,00-0033280,3|00-0033280,Christian McCaffrey,rushing_yards,110.0,yes,0.1996,0.09,0.2796,0.08,0,0,-1.0,-0.09,0.09
3,00-0033280,3|00-0033280,Christian McCaffrey,rushing_yards,100.0,yes,0.2107,0.12,0.3257,0.115,0,0,-1.0,-0.12,0.12
3,00-0037744,3|00-0037744,Trey McBride,anytime_td,1.0,yes,0.0609,0.33,0.3859,0.325,0,0,-1.0,-0.33,0.33
3,00-0037744,3|00-0037744,Trey McBride,receiving_yards,100.0,yes,0.0396,0.21,0.2396,0.2,0,0,-1.0,-0.21,0.21
3,00-0038559,3|00-0038559,Michael Wilson,receiving_yards,90.0,yes,0.0992,0.12,0.2142,0.115,0,0,-1.0,-0.12,0.12
3,00-0038559,3|00-0038559,Michael Wilson,receiving_yards,80.0,yes,0.0961,0.18,0.2661,0.17,1,1,4.555555555555556,0.8200000000000001,0.18
3,00-0038559,3|00-0038559,Michael Wilson,receiving_yards,70.0,yes,0.0938,0.24,0.3288,0.235,1,1,3.166666666666667,0.76,0.24
3,00-0038559,3|00-0038559,Michael Wilson,receiving_yards,60.0,yes,0.0788,0.33,0.4038,0.325,1,1,2.03030303030303,0.6699999999999999,0.33
3,00-0038559,3|00-0038559,Michael Wilson,receiving_yards,50.0,yes,0.0519,0.45,0.4919,0.44,1,1,1.2222222222222223,0.55,0.45
3,00-0033119,3|00-0033119,Jacoby Brissett,passing_yards,325.0,yes,0.1843,0.09,0.2643,0.08,0,0,-1.0,-0.09,0.09
3,00-0033119,3|00-0033119,Jacoby Brissett,passing_yards,300.0,yes,0.2062,0.14,0.3412,0.135,0,0,-1.0,-0.14,0.14
3,00-0033119,3|00-0033119,Jacoby Brissett,passing_yards,275.0,yes,0.1904,0.24,0.4254,0.235,1,1,3.166666666666667,0.76,0.24
3,00-0033119,3|00-0033119,Jacoby Brissett,passing_yards,250.0,yes,0.1531,0.37,0.5131,0.36,1,1,1.7027027027027026,0.63,0.37
3,00-0033119,3|00-0033119,Jacoby Brissett,passing_yards,225.0,yes,0.0852,0.52,0.6002,0.515,1,1,0.923076923076923,0.48,0.52
3,00-0037004,3|00-0037004,Hunter Long,anytime_td,1.0,yes,0.1635,0.06,0.2185,0.055,0,0,-1.0,-0.06,0.06
3,00-0036875,3|00-0036875,Rhamondre Stevenson,anytime_td,1.0,yes,0.0988,0.34,0.4338,0.335,0,0,-1.0,-0.34,0.34
3,00-0036875,3|00-0036875,Rhamondre Stevenson,receiving_yards,25.0,yes,0.051,0.27,0.316,0.265,0,0,-1.0,-0.27,0.27
3,00-0039851,3|00-0039851,Drake Maye,passing_yards,325.0,yes,0.1356,0.08,0.2056,0.07,0,0,-1.0,-0.08,0.08
3,00-0039851,3|00-0039851,Drake Maye,passing_yards,300.0,yes,0.1533,0.13,0.2783,0.125,0,0,-1.0,-0.13,0.13
3,00-0039851,3|00-0039851,Drake Maye,passing_yards,275.0,yes,0.1467,0.22,0.3617,0.215,0,0,-1.0,-0.22,0.22
3,00-0039851,3|00-0039851,Drake Maye,passing_yards,250.0,yes,0.1072,0.35,0.4522,0.345,0,0,-1.0,-0.35,0.35
3,00-0039851,3|00-0039851,Drake Maye,passing_yards,225.0,yes,0.0703,0.48,0.5453,0.475,0,0,-1.0,-0.48,0.48
3,00-0034960,3|00-0034960,Jakobi Meyers,anytime_td,1.0,yes,0.0497,0.25,0.2947,0.245,1,1,3.0,0.75,0.25
3,00-0034960,3|00-0034960,Jakobi Meyers,receiving_yards,80.0,yes,0.1752,0.1,0.2602,0.085,0,0,-1.0,-0.1,0.1
3,00-0034960,3|00-0034960,Jakobi Meyers,receiving_yards,70.0,yes,0.1876,0.14,0.3226,0.135,0,0,-1.0,-0.14,0.14
3,00-0034960,3|00-0034960,Jakobi Meyers,receiving_yards,60.0,yes,0.1973,0.21,0.3973,0.2,1,1,3.7619047619047623,0.79,0.21
3,00-0034960,3|00-0034960,Jakobi Meyers,receiving_yards,50.0,yes,0.1904,0.3,0.4854,0.295,1,1,2.3333333333333335,0.7,0.3
3,00-0034960,3|00-0034960,Jakobi Meyers,receiving_yards,40.0,yes,0.1717,0.42,0.5867,0.415,1,1,1.3809523809523812,0.5800000000000001,0.42
3,00-0034960,3|00-0034960,Jakobi Meyers,receiving_yards,35.0,yes,0.1419,0.51,0.6419,0.5,1,1,0.9607843137254901,0.49,0.51
3,00-0034960,3|00-0034960,Jakobi Meyers,receiving_yards,25.0,yes,0.1184,0.65,0.7584,0.64,1,1,0.5384615384615384,0.35,0.65
3,00-0034960,3|00-0034960,Jakobi Meyers,receiving_yards,15.0,yes,0.0794,0.8,0.8744,0.795,1,1,0.24999999999999994,0.19999999999999996,0.8
3,00-0040719,3|00-0040719,Bhayshul Tuten,anytime_td,1.0,yes,0.0579,0.37,0.4229,0.365,1,1,1.7027027027027026,0.63,0.37
3,00-0038544,3|00-0038544,Quentin Johnston,anytime_td,1.0,yes,0.0739,0.24,0.3089,0.235,0,0,-1.0,-0.24,0.24
3,00-0038544,3|00-0038544,Quentin Johnston,receiving_yards,70.0,yes,0.0352,0.19,0.2202,0.185,0,0,-1.0,-0.19,0.19
3,00-0038544,3|00-0038544,Quentin Johnston,receiving_yards,60.0,yes,0.0418,0.25,0.2868,0.245,0,0,-1.0,-0.25,0.25
3,00-0038544,3|00-0038544,Quentin Johnston,receiving_yards,50.0,yes,0.0357,0.34,0.3707,0.335,0,0,-1.0,-0.34,0.34
3,00-0040666,3|00-0040666,Omarion Hampton,receiving_yards,40.0,yes,0.1173,0.09,0.2023,0.085,0,0,-1.0,-0.09,0.09
3,00-0040666,3|00-0040666,Omarion Hampton,receiving_yards,25.0,yes,0.1891,0.21,0.3941,0.205,0,0,-1.0,-0.21,0.21
3,00-0040666,3|00-0040666,Omarion Hampton,receiving_yards,15.0,yes,0.1963,0.41,0.5963,0.4,0,0,-1.0,-0.41,0.41
3,00-0036355,3|00-0036355,Justin Herbert,passing_yards,300.0,yes,0.1061,0.15,0.2511,0.145,0,0,-1.0,-0.15,0.15
3,00-0036355,3|00-0036355,Justin Herbert,passing_yards,275.0,yes,0.0882,0.25,0.3332,0.245,0,0,-1.0,-0.25,0.25
3,00-0036355,3|00-0036355,Justin Herbert,passing_yards,250.0,yes,0.0642,0.37,0.4242,0.36,0,0,-1.0,-0.37,0.37
3,00-0037248,3|00-0037248,James Cook,rushing_yards,120.0,yes,0.0432,0.18,0.2182,0.175,1,1,4.555555555555556,0.8200000000000001,0.18
3,00-0037248,3|00-0037248,James Cook,rushing_yards,110.0,yes,0.037,0.23,0.257,0.22,1,1,3.3478260869565215,0.77,0.23
3,00-0034857,3|00-0034857,Josh Allen,passing_yards,325.0,yes,0.1166,0.12,0.2316,0.115,0,0,-1.0,-0.12,0.12
3,00-0034857,3|00-0034857,Josh Allen,passing_yards,300.0,yes,0.1066,0.21,0.3066,0.2,0,0,-1.0,-0.21,0.21
3,00-0034857,3|00-0034857,Josh Allen,passing_yards,275.0,yes,0.0806,0.32,0.3906,0.31,0,0,-1.0,-0.32,0.32
3,00-0034857,3|00-0034857,Josh Allen,passing_yards,250.0,yes,0.0352,0.45,0.4802,0.445,0,0,-1.0,-0.45,0.45
3,00-0035689,3|00-0035689,Dawson Knox,anytime_td,1.0,yes,0.1058,0.14,0.2408,0.135,0,0,-1.0,-0.14,0.14
3,00-0035689,3|00-0035689,Dawson Knox,receiving_yards,25.0,yes,0.114,0.18,0.289,0.175,0,0,-1.0,-0.18,0.18
3,00-0035689,3|00-0035689,Dawson Knox,receiving_yards,15.0,yes,0.1472,0.35,0.4922,0.345,0,0,-1.0,-0.35,0.35
3,00-0035689,3|00-0035689,Dawson Knox,receiving_yards,10.0,yes,0.1482,0.48,0.6232,0.475,0,0,-1.0,-0.48,0.48
3,00-0037740,3|00-0037740,Garrett Wilson,receiving_yards,120.0,yes,0.0396,0.18,0.2146,0.175,0,0,-1.0,-0.18,0.18
3,00-0030565,3|00-0030565,Geno Smith,passing_yards,300.0,yes,0.1288,0.14,0.2638,0.135,1,1,6.142857142857142,0.86,0.14
3,00-0030565,3|00-0030565,Geno Smith,passing_yards,275.0,yes,0.0945,0.25,0.3395,0.245,1,1,3.0,0.75,0.25
3,00-0030565,3|00-0030565,Geno Smith,passing_yards,250.0,yes,0.0472,0.38,0.4222,0.375,1,1,1.631578947368421,0.62,0.38
3,00-0038120,3|00-0038120,Breece Hall,anytime_td,1.0,yes,0.0392,0.46,0.4942,0.455,0,0,-1.0,-0.46,0.46
3,00-0039794,3|00-0039794,Braelon Allen,anytime_td,1.0,yes,0.2026,0.23,0.4226,0.22,0,0,-1.0,-0.23,0.23
3,00-0039065,3|00-0039065,Sam LaPorta,receiving_yards,70.0,yes,0.0521,0.23,0.2671,0.215,0,0,-1.0,-0.23,0.23
3,00-0037240,3|00-0037240,Jameson Williams,receiving_yards,90.0,yes,0.0638,0.2,0.2538,0.19,0,0,-1.0,-0.2,0.2
3,00-0037240,3|00-0037240,Jameson Williams,receiving_yards,80.0,yes,0.0443,0.27,0.3093,0.265,0,0,-1.0,-0.27,0.27
3,00-0037240,3|00-0037240,Jameson Williams,receiving_yards,70.0,yes,0.0398,0.34,0.3748,0.335,0,0,-1.0,-0.34,0.34
3,00-0037240,3|00-0037240,Jameson Williams,receiving_yards,100.0,yes,0.0723,0.14,0.2073,0.135,0,0,-1.0,-0.14,0.14
3,00-0033106,3|00-0033106,Jared Goff,passing_yards,325.0,yes,0.0836,0.17,0.2486,0.165,0,0,-1.0,-0.17,0.17
3,00-0033106,3|00-0033106,Jared Goff,passing_yards,300.0,yes,0.0397,0.29,0.3247,0.285,0,0,-1.0,-0.29,0.29
3,00-0033106,3|00-0033106,Jared Goff,rushing_yards,25.0,yes,0.1682,0.05,0.2082,0.04,0,0,-1.0,-0.05,0.05
3,00-0033106,3|00-0033106,Jared Goff,rushing_yards,15.0,yes,0.3006,0.1,0.3956,0.095,0,0,-1.0,-0.1,0.1
3,00-0033106,3|00-0033106,Jared Goff,rushing_yards,10.0,yes,0.3794,0.17,0.5444,0.165,0,0,-1.0,-0.17,0.17
3,00-0039139,3|00-0039139,Jahmyr Gibbs,anytime_td,1.0,yes,0.0635,0.71,0.7685,0.705,1,1,0.4084507042253522,0.29000000000000004,0.71
3,00-0039139,3|00-0039139,Jahmyr Gibbs,rushing_yards,160.0,yes,0.1415,0.07,0.2065,0.065,0,0,-1.0,-0.07,0.07
3,00-0039139,3|00-0039139,Jahmyr Gibbs,rushing_yards,150.0,yes,0.1407,0.1,0.2357,0.095,0,0,-1.0,-0.1,0.1
3,00-0039139,3|00-0039139,Jahmyr Gibbs,rushing_yards,140.0,yes,0.1436,0.13,0.2686,0.125,0,0,-1.0,-0.13,0.13
3,00-0039139,3|00-0039139,Jahmyr Gibbs,rushing_yards,130.0,yes,0.1252,0.19,0.3052,0.18,0,0,-1.0,-0.19,0.19
3,00-0039139,3|00-0039139,Jahmyr Gibbs,rushing_yards,120.0,yes,0.1111,0.24,0.3461,0.235,0,0,-1.0,-0.24,0.24
3,00-0039139,3|00-0039139,Jahmyr Gibbs,rushing_yards,110.0,yes,0.0862,0.31,0.3912,0.305,0,0,-1.0,-0.31,0.31
3,00-0039139,3|00-0039139,Jahmyr Gibbs,rushing_yards,100.0,yes,0.0509,0.4,0.4409,0.39,0,0,-1.0,-0.4,0.4
3,00-0036963,3|00-0036963,Amon-Ra St. Brown,anytime_td,1.0,yes,0.0833,0.51,0.5883,0.505,1,1,0.9607843137254901,0.49,0.51
3,00-0036963,3|00-0036963,Amon-Ra St. Brown,receiving_yards,90.0,yes,0.0878,0.38,0.4578,0.37,0,0,-1.0,-0.38,0.38
3,00-0036963,3|00-0036963,Amon-Ra St. Brown,receiving_yards,80.0,yes,0.0439,0.48,0.5189,0.475,0,0,-1.0,-0.48,0.48
3,00-0036963,3|00-0036963,Amon-Ra St. Brown,receiving_yards,140.0,yes,0.1406,0.1,0.2306,0.09,0,0,-1.0,-0.1,0.1
3,00-0036963,3|00-0036963,Amon-Ra St. Brown,receiving_yards,130.0,yes,0.1412,0.13,0.2662,0.125,0,0,-1.0,-0.13,0.13
3,00-0036963,3|00-0036963,Amon-Ra St. Brown,receiving_yards,120.0,yes,0.1314,0.18,0.3064,0.175,0,0,-1.0,-0.18,0.18
3,00-0036963,3|00-0036963,Amon-Ra St. Brown,receiving_yards,110.0,yes,0.1366,0.22,0.3516,0.215,0,0,-1.0,-0.22,0.22
3,00-0036963,3|00-0036963,Amon-Ra St. Brown,receiving_yards,100.0,yes,0.1071,0.3,0.4021,0.295,0,0,-1.0,-0.3,0.3
3,00-0040466,3|00-0040466,Raheim Sanders,anytime_td,1.0,yes,0.1525,0.11,0.2575,0.105,0,0,-1.0,-0.11,0.11
3,00-0040466,3|00-0040466,Raheim Sanders,receiving_yards,15.0,yes,0.2363,0.16,0.3913,0.155,1,1,5.25,0.84,0.16
3,00-0040466,3|00-0040466,Raheim Sanders,rushing_yards,20.0,yes,0.0451,0.21,0.2501,0.205,0,0,-1.0,-0.21,0.21
3,00-0040466,3|00-0040466,Raheim Sanders,rushing_yards,15.0,yes,0.0554,0.31,0.3554,0.3,1,1,2.225806451612903,0.69,0.31
3,00-0040466,3|00-0040466,Raheim Sanders,rushing_yards,10.0,yes,0.0496,0.46,0.5046,0.455,1,1,1.173913043478261,0.54,0.46
3,00-0033537,3|00-0033537,Deshaun Watson,passing_yards,275.0,yes,0.2359,0.1,0.3309,0.095,0,0,-1.0,-0.1,0.1
3,00-0033537,3|00-0033537,Deshaun Watson,passing_yards,250.0,yes,0.262,0.17,0.422,0.16,0,0,-1.0,-0.17,0.17
3,00-0033537,3|00-0033537,Deshaun Watson,passing_yards,225.0,yes,0.2324,0.29,0.5174,0.285,0,0,-1.0,-0.29,0.29
3,00-0033537,3|00-0033537,Deshaun Watson,passing_yards,200.0,yes,0.1868,0.43,0.6118,0.425,0,0,-1.0,-0.43,0.43
3,00-0033537,3|00-0033537,Deshaun Watson,passing_yards,175.0,yes,0.115,0.59,0.7,0.585,0,0,-1.0,-0.59,0.59
3,00-0033537,3|00-0033537,Deshaun Watson,passing_yards,150.0,yes,0.0428,0.74,0.7778,0.735,0,0,-1.0,-0.74,0.74
3,00-0031610,3|00-0031610,Darren Waller,anytime_td,1.0,yes,0.0524,0.21,0.2574,0.205,0,0,-1.0,-0.21,0.21
3,00-0031610,3|00-0031610,Darren Waller,receiving_yards,40.0,yes,0.0624,0.21,0.2624,0.2,1,1,3.7619047619047623,0.79,0.21
3,00-0038128,3|00-0038128,Malik Willis,passing_yards,275.0,yes,0.1481,0.08,0.2131,0.065,0,0,-1.0,-0.08,0.08
3,00-0038128,3|00-0038128,Malik Willis,passing_yards,250.0,yes,0.177,0.12,0.292,0.115,0,0,-1.0,-0.12,0.12
3,00-0038128,3|00-0038128,Malik Willis,passing_yards,225.0,yes,0.1723,0.22,0.3823,0.21,0,0,-1.0,-0.22,0.22
3,00-0038128,3|00-0038128,Malik Willis,passing_yards,200.0,yes,0.1345,0.35,0.4795,0.345,1,1,1.8571428571428574,0.65,0.35
3,00-0038128,3|00-0038128,Malik Willis,passing_yards,175.0,yes,0.0729,0.51,0.5779,0.505,1,1,0.9607843137254901,0.49,0.51
3,00-0037252,3|00-0037252,Greg Dulcich,anytime_td,1.0,yes,0.1093,0.17,0.2743,0.165,0,0,-1.0,-0.17,0.17
3,00-0037252,3|00-0037252,Greg Dulcich,receiving_yards,40.0,yes,0.1608,0.25,0.4008,0.24,1,1,3.0,0.75,0.25
3,00-0037252,3|00-0037252,Greg Dulcich,receiving_yards,25.0,yes,0.1431,0.47,0.6031,0.46,1,1,1.1276595744680853,0.53,0.47
3,00-0037252,3|00-0037252,Greg Dulcich,receiving_yards,15.0,yes,0.1227,0.66,0.7677,0.645,1,1,0.515151515151515,0.33999999999999997,0.66
3,00-0038104,3|00-0038104,Tyquan Thornton,receiving_yards,60.0,yes,0.09,0.12,0.2,0.11,0,0,-1.0,-0.12,0.12
3,00-0038104,3|00-0038104,Tyquan Thornton,receiving_yards,50.0,yes,0.1126,0.17,0.2776,0.165,0,0,-1.0,-0.17,0.17
3,00-0038104,3|00-0038104,Tyquan Thornton,receiving_yards,40.0,yes,0.1336,0.25,0.3786,0.245,0,0,-1.0,-0.25,0.25
3,00-0038104,3|00-0038104,Tyquan Thornton,receiving_yards,25.0,yes,0.1589,0.42,0.5739,0.415,0,0,-1.0,-0.42,0.42
3,00-0038104,3|00-0038104,Tyquan Thornton,receiving_yards,15.0,yes,0.144,0.58,0.719,0.575,1,1,0.7241379310344829,0.42000000000000004,0.58
3,00-0033873,3|00-0033873,Patrick Mahomes,anytime_td,1.0,yes,0.064,0.2,0.259,0.195,0,0,-1.0,-0.2,0.2
3,00-0033873,3|00-0033873,Patrick Mahomes,passing_yards,350.0,yes,0.233,0.06,0.288,0.055,0,0,-1.0,-0.06,0.06
3,00-0033873,3|00-0033873,Patrick Mahomes,passing_yards,325.0,yes,0.2558,0.11,0.3608,0.105,0,0,-1.0,-0.11,0.11
3,00-0033873,3|00-0033873,Patrick Mahomes,passing_yards,300.0,yes,0.2739,0.17,0.4389,0.165,0,0,-1.0,-0.17,0.17
3,00-0033873,3|00-0033873,Patrick Mahomes,passing_yards,275.0,yes,0.2346,0.29,0.5196,0.285,0,0,-1.0,-0.29,0.29
3,00-0033873,3|00-0033873,Patrick Mahomes,passing_yards,250.0,yes,0.1844,0.42,0.5994,0.415,0,0,-1.0,-0.42,0.42
3,00-0033873,3|00-0033873,Patrick Mahomes,passing_yards,225.0,yes,0.1003,0.58,0.6753,0.575,1,1,0.7241379310344829,0.42000000000000004,0.58
3,00-0033873,3|00-0033873,Patrick Mahomes,rushing_yards,40.0,yes,0.2114,0.1,0.3064,0.095,0,0,-1.0,-0.1,0.1
3,00-0033873,3|00-0033873,Patrick Mahomes,rushing_yards,30.0,yes,0.2237,0.21,0.4287,0.205,0,0,-1.0,-0.21,0.21
3,00-0033873,3|00-0033873,Patrick Mahomes,rushing_yards,25.0,yes,0.23,0.28,0.505,0.275,0,0,-1.0,-0.28,0.28
3,00-0033873,3|00-0033873,Patrick Mahomes,rushing_yards,20.0,yes,0.1975,0.4,0.5925,0.395,0,0,-1.0,-0.4,0.4
3,00-0033873,3|00-0033873,Patrick Mahomes,rushing_yards,15.0,yes,0.1563,0.54,0.6913,0.535,0,0,-1.0,-0.54,0.54
3,00-0033873,3|00-0033873,Patrick Mahomes,rushing_yards,10.0,yes,0.1351,0.67,0.8001,0.665,0,0,-1.0,-0.67,0.67
