season,week,team,plays,dropbacks,pass_attempts,carries,epa_per_play,proe,off_td,rush_td,points,pace_sec_per_play,rz_dropbacks,rz_plays
2026,1,ARI,72,39.0,39.0,33.0,0.116902865,-0.014828015,2.0,1.0,14.0,,,
2026,1,ATL,57,26.0,26.0,31.0,-0.32100573,-0.17250952,2.0,0.0,14.0,,,
2026,1,BAL,64,29.0,29.0,35.0,0.2656657,-0.06605031,5.0,4.0,35.0,,,
2026,1,BUF,53,33.0,33.0,20.0,0.22493261,0.01108353,4.0,2.0,28.0,,,
2026,1,CAR,62,43.0,43.0,19.0,0.18153584,0.020730715,5.0,2.0,35.0,,,
2026,1,CHI,70,38.0,38.0,32.0,0.40938172,-0.01468179,8.0,6.0,56.0,,,
2026,1,CIN,63,37.0,37.0,26.0,-0.052113228,0.049691416,3.0,1.0,21.0,,,
2026,1,CLE,49,30.0,30.0,19.0,-0.1842705,-0.102370605,1.0,0.0,7.0,,,
2026,1,DAL,52,36.0,36.0,16.0,0.22067006,-0.0012593886,3.0,1.0,21.0,,,
2026,1,DEN,47,33.0,33.0,14.0,-0.33653742,0.018862186,1.0,0.0,7.0,,,
2026,1,DET,73,41.0,41.0,32.0,0.00040982195,0.004566337,4.0,2.0,28.0,,,
2026,1,GB,67,46.0,46.0,21.0,-0.17482567,-0.018562898,2.0,0.0,14.0,,,
2026,1,HOU,73,42.0,42.0,31.0,0.0689077,-0.07094067,4.0,2.0,28.0,,,
2026,1,IND,53,34.0,34.0,19.0,-0.24123657,-0.045319915,3.0,2.0,21.0,,,
2026,1,JAX,56,24.0,24.0,32.0,0.32005164,-0.028115205,4.0,0.0,28.0,,,
2026,1,KC,67,33.0,33.0,34.0,0.09310019,0.0013081931,4.0,2.0,28.0,,,
2026,1,LA,57,29.0,29.0,28.0,-0.25999612,-0.17295182,1.0,1.0,7.0,,,
2026,1,LAC,51,35.0,35.0,16.0,-0.24395901,-0.02077934,2.0,1.0,14.0,,,
2026,1,LV,67,31.0,31.0,36.0,-0.06838565,-0.06419229,3.0,0.0,21.0,,,
2026,1,MIA,50,37.0,37.0,13.0,-0.2358899,-0.008513121,1.0,1.0,7.0,,,
2026,1,MIN,62,31.0,31.0,31.0,-0.018649409,-0.0857371,5.0,2.0,35.0,,,
2026,1,NE,67,42.0,42.0,25.0,-0.10962827,-0.025771981,1.0,0.0,7.0,,,
2026,1,NO,87,63.0,63.0,24.0,-0.030615604,0.03936352,4.0,1.0,28.0,,,
2026,1,NYG,68,33.0,33.0,35.0,0.3122205,-0.041171953,4.0,1.0,28.0,,,
2026,1,NYJ,63,26.0,26.0,37.0,0.119377986,-0.10159543,2.0,2.0,14.0,,,
2026,1,PHI,53,33.0,33.0,20.0,0.0683365,-0.058744162,3.0,0.0,21.0,,,
2026,1,PIT,64,43.0,43.0,21.0,-0.31107888,0.106256895,1.0,0.0,7.0,,,
2026,1,SEA,48,27.0,27.0,21.0,0.06423644,-0.054780345,1.0,0.0,7.0,,,
2026,1,SF,64,36.0,36.0,28.0,0.17876756,0.049538746,3.0,0.0,21.0,,,
2026,1,TB,52,36.0,36.0,16.0,-0.18165207,0.020067386,3.0,2.0,21.0,,,
2026,1,TEN,49,39.0,39.0,10.0,-0.11862377,0.049032588,1.0,0.0,7.0,,,
2026,1,WAS,68,39.0,39.0,29.0,0.059896793,-0.05953791,3.0,1.0,21.0,,,
2026,2,ARI,47,31.0,31.0,16.0,-0.325236,0.0500848,1.0,0.0,7.0,,,
2026,2,ATL,67,39.0,39.0,28.0,-0.47337055,-0.123200744,1.0,0.0,7.0,,,
2026,2,BAL,56,37.0,37.0,19.0,0.11271374,0.035387352,2.0,1.0,14.0,,,
2026,2,BUF,69,38.0,38.0,31.0,0.36026388,0.0729027,6.0,3.0,42.0,,,
2026,2,CAR,60,39.0,39.0,21.0,0.100030854,0.06681707,3.0,0.0,21.0,,,
2026,2,CHI,70,41.0,41.0,29.0,-0.12644547,-0.10145016,0.0,0.0,0.0,,,
2026,2,CIN,59,36.0,36.0,23.0,-0.090364814,0.032903843,2.0,0.0,14.0,,,
2026,2,CLE,55,35.0,35.0,20.0,0.009026346,0.054531895,2.0,0.0,14.0,,,
2026,2,DAL,54,36.0,36.0,18.0,0.22664936,0.15728754,4.0,0.0,28.0,,,
2026,2,DEN,59,31.0,31.0,28.0,0.06158273,-0.013646381,2.0,1.0,14.0,,,
2026,2,DET,62,44.0,44.0,18.0,0.23241119,-0.015705198,4.0,0.0,28.0,,,
2026,2,GB,50,32.0,32.0,18.0,-0.22218138,-0.03301301,2.0,0.0,14.0,,,
2026,2,HOU,78,61.0,61.0,17.0,-0.24811073,0.060676713,0.0,0.0,0.0,,,
2026,2,IND,63,33.0,33.0,30.0,0.15447865,-0.107553646,3.0,2.0,21.0,,,
2026,2,JAX,55,31.0,31.0,24.0,-0.047565624,-0.0708356,1.0,1.0,7.0,,,
2026,2,KC,78,51.0,51.0,27.0,0.22895122,0.057704136,3.0,0.0,21.0,,,
2026,2,LA,60,32.0,32.0,28.0,0.19925824,0.058998197,4.0,0.0,28.0,,,
2026,2,LAC,62,31.0,31.0,31.0,-0.26107803,-0.18499225,2.0,1.0,14.0,,,
2026,2,LV,60,32.0,32.0,28.0,-0.12579042,-0.013921281,3.0,0.0,21.0,,,
2026,2,MIA,56,28.0,28.0,28.0,-0.0010013665,-0.17747366,1.0,0.0,7.0,,,
2026,2,MIN,51,24.0,24.0,27.0,-0.07788828,-0.082975365,0.0,0.0,0.0,,,
2026,2,NE,53,27.0,27.0,26.0,-0.0670432,0.045726534,1.0,1.0,7.0,,,
2026,2,NO,65,39.0,39.0,26.0,0.14676428,0.00066971383,2.0,1.0,14.0,,,
2026,2,NYG,55,34.0,34.0,21.0,-0.42919838,-0.060206447,0.0,0.0,0.0,,,
2026,2,NYJ,72,48.0,48.0,24.0,-0.10496509,0.04671294,2.0,1.0,14.0,,,
2026,2,PHI,72,42.0,42.0,30.0,0.038976025,-0.10039698,3.0,1.0,21.0,,,
2026,2,PIT,67,46.0,46.0,21.0,-0.35573697,-0.017014118,1.0,0.0,7.0,,,
2026,2,SEA,67,27.0,27.0,40.0,0.13364564,-0.118011296,4.0,1.0,28.0,,,
2026,2,SF,49,25.0,25.0,24.0,0.44165444,0.035083447,5.0,3.0,35.0,,,
2026,2,TB,62,40.0,40.0,22.0,-0.14604518,-0.012778667,1.0,0.0,7.0,,,
2026,2,TEN,51,24.0,24.0,27.0,0.075024,-0.20256022,2.0,2.0,14.0,,,
2026,2,WAS,67,42.0,42.0,25.0,0.06874767,-0.049608514,2.0,0.0,14.0,,,
2026,3,ARI,81,53.0,53.0,28.0,0.15331005,-0.0036123646,3.0,1.0,21.0,,,
2026,3,ATL,67,26.0,26.0,41.0,0.32180235,-0.06643415,4.0,3.0,28.0,,,
2026,3,BAL,58,22.0,22.0,36.0,0.13381693,-0.20424086,4.0,2.0,28.0,,,
2026,3,BUF,63,31.0,31.0,32.0,-0.05187329,-0.12023678,3.0,3.0,21.0,,,
2026,3,CAR,75,50.0,50.0,25.0,-0.12611662,-0.008441992,1.0,0.0,7.0,,,
2026,3,CHI,69,35.0,35.0,34.0,0.027196852,0.057406217,3.0,1.0,21.0,,,
2026,3,CIN,56,40.0,40.0,16.0,0.28075132,0.050343025,3.0,0.0,21.0,,,
2026,3,CLE,64,39.0,39.0,25.0,-0.021294026,0.023349045,2.0,0.0,14.0,,,
2026,3,DAL,72,46.0,46.0,26.0,0.10382706,-0.0050312392,3.0,2.0,21.0,,,
2026,3,DEN,62,37.0,37.0,25.0,-0.0069520725,-0.043049477,3.0,1.0,21.0,,,
2026,3,DET,64,36.0,36.0,28.0,0.16075501,0.031673446,4.0,2.0,28.0,,,
2026,3,GB,63,54.0,54.0,9.0,0.013638709,0.11790655,2.0,0.0,14.0,,,
2026,3,HOU,51,31.0,31.0,20.0,-0.092211984,-0.0700476,2.0,1.0,14.0,,,
2026,3,IND,71,41.0,41.0,30.0,-0.113710776,0.007923473,1.0,0.0,7.0,,,
2026,3,JAX,60,31.0,31.0,29.0,0.22792077,-0.018258411,5.0,2.0,35.0,,,
2026,3,KC,49,25.0,25.0,24.0,0.13810636,0.052496314,3.0,1.0,21.0,,,
2026,3,LA,82,58.0,58.0,24.0,0.01910865,0.060316037,3.0,0.0,21.0,,,
2026,3,LAC,64,38.0,38.0,26.0,-0.071383364,-0.03810024,1.0,0.0,7.0,,,
2026,3,LV,65,39.0,39.0,26.0,0.06716774,0.002666102,4.0,1.0,28.0,,,
2026,3,MIA,67,42.0,42.0,25.0,-0.15109333,-0.06889271,1.0,1.0,7.0,,,
2026,3,MIN,55,34.0,34.0,21.0,-0.26366743,-0.01022866,1.0,0.0,7.0,,,
2026,3,NE,60,37.0,37.0,23.0,-0.25274262,-0.076128714,0.0,0.0,0.0,,,
2026,3,NO,72,45.0,45.0,27.0,-0.06491198,0.0016785883,4.0,0.0,28.0,,,
2026,3,NYG,58,26.0,26.0,32.0,-0.114123374,-0.1735235,0.0,0.0,0.0,,,
2026,3,NYJ,63,46.0,46.0,17.0,0.094964966,0.014917868,3.0,0.0,21.0,,,
2026,3,PHI,47,31.0,31.0,16.0,-0.303817,-0.026325919,1.0,1.0,7.0,,,
2026,3,PIT,59,36.0,36.0,23.0,0.1619755,0.040954918,3.0,0.0,21.0,,,
2026,3,SEA,64,47.0,47.0,17.0,-0.046424054,0.08935019,5.0,0.0,35.0,,,
2026,3,SF,50,28.0,28.0,22.0,0.45138606,0.051804233,5.0,1.0,35.0,,,
2026,3,TB,64,46.0,46.0,18.0,-0.24590188,-0.0192339,2.0,0.0,14.0,,,
2026,3,TEN,57,36.0,36.0,21.0,-0.14667618,-0.14200883,1.0,0.0,7.0,,,
2026,3,WAS,65,35.0,35.0,30.0,-0.10208297,0.0073663727,3.0,0.0,21.0,,,
2026,4,ARI,63,39.0,39.0,24.0,-0.2500542,-0.036380485,4.0,1.0,28.0,,,
2026,4,ATL,56,21.0,21.0,35.0,0.40592957,-0.08005129,6.0,5.0,42.0,,,
2026,4,BAL,61,33.0,33.0,28.0,0.13695171,0.0027530477,3.0,1.0,21.0,,,
2026,4,BUF,55,36.0,36.0,19.0,0.09946421,-0.028505368,3.0,2.0,21.0,,,
2026,4,CAR,72,45.0,45.0,27.0,0.23987187,0.09181912,4.0,2.0,28.0,,,
2026,4,CHI,89,36.0,36.0,53.0,0.015057684,-0.0802246,2.0,2.0,14.0,,,
2026,4,CIN,71,58.0,58.0,13.0,0.046036545,0.08350686,2.0,1.0,14.0,,,
2026,4,CLE,62,37.0,37.0,25.0,0.096040934,0.047946535,3.0,2.0,21.0,,,
2026,4,DAL,73,50.0,50.0,23.0,0.1436128,0.020991635,4.0,3.0,28.0,,,
2026,4,DEN,65,44.0,44.0,21.0,0.08855889,-0.04515643,1.0,0.0,7.0,,,
2026,4,DET,68,53.0,53.0,15.0,0.17610042,0.032345116,2.0,1.0,14.0,,,
2026,4,GB,55,30.0,30.0,25.0,0.019565573,0.009609527,2.0,0.0,14.0,,,
2026,4,HOU,52,33.0,33.0,19.0,0.23322818,-0.012775633,3.0,1.0,21.0,,,
2026,4,IND,66,36.0,36.0,30.0,-0.08325131,-0.020827858,3.0,3.0,21.0,,,
2026,4,JAX,55,28.0,28.0,27.0,0.18413423,-0.060013328,2.0,1.0,14.0,,,
2026,4,KC,59,34.0,34.0,25.0,0.12815858,-0.026954036,4.0,2.0,28.0,,,
2026,4,LA,77,54.0,54.0,23.0,0.02728191,0.049349546,3.0,3.0,21.0,,,
2026,4,LAC,68,41.0,41.0,27.0,-0.08527682,-0.14303309,2.0,1.0,14.0,,,
2026,4,LV,79,50.0,50.0,29.0,0.045843937,-0.037131295,2.0,0.0,14.0,,,
2026,4,MIA,37,20.0,20.0,17.0,-0.20391253,-0.10602647,1.0,1.0,7.0,,,
2026,4,MIN,72,43.0,43.0,29.0,-0.124384455,-0.020653926,0.0,0.0,0.0,,,
2026,4,NE,74,43.0,43.0,31.0,0.18594453,0.039223365,4.0,1.0,28.0,,,
2026,4,NO,69,51.0,51.0,18.0,-0.073092975,0.0044085234,3.0,2.0,21.0,,,
2026,4,NYG,63,34.0,34.0,29.0,-0.08168408,-0.102302656,3.0,0.0,21.0,,,
2026,4,NYJ,32,18.0,18.0,14.0,-0.13696621,-0.08384674,1.0,0.0,7.0,,,
2026,4,PHI,58,32.0,32.0,26.0,-0.28703213,-0.059581555,2.0,0.0,14.0,,,
2026,4,PIT,66,46.0,46.0,20.0,0.07072184,0.008202096,3.0,0.0,21.0,,,
2026,4,SEA,58,26.0,26.0,32.0,-0.15036419,-0.0890582,4.0,2.0,28.0,,,
2026,4,SF,65,33.0,33.0,32.0,0.12054904,-0.0072888248,3.0,1.0,21.0,,,
2026,4,TB,61,36.0,36.0,25.0,-0.037723646,-0.06446211,2.0,1.0,14.0,,,
2026,4,TEN,59,37.0,37.0,22.0,-0.13695467,-0.039062776,2.0,1.0,14.0,,,
2026,4,WAS,61,41.0,41.0,20.0,-0.24983366,-0.02843861,1.0,0.0,7.0,,,
